Location,Day,D,F,G,H,Pp,S,T,V,W,U,$
LIVERPOOL,2024-03-18Z,WSW,11,20,67,7,9,13,VG,3,3,720
LIVERPOOL,2024-03-18Z,SSW,10,20,58,32,13,13,MO,10,1,900
LIVERPOOL,2024-03-18Z,S,11,20,63,5,13,13,GO,7,1,1080
LIVERPOOL,2024-03-18Z,SSE,9,25,76,5,16,12,GO,7,0,1260
LIVERPOOL,2024-03-19Z,S,8,27,77,51,16,11,GO,7,0,0
LIVERPOOL,2024-03-19Z,S,8,25,83,7,13,11,VG,2,0,180
LIVERPOOL,2024-03-19Z,SSW,9,20,85,60,11,11,GO,13,0,360
LIVERPOOL,2024-03-19Z,W,9,18,81,9,11,11,GO,3,1,540
LIVERPOOL,2024-03-19Z,WNW,10,16,67,4,11,12,VG,7,3,720
LIVERPOOL,2024-03-19Z,NW,10,13,71,5,7,12,GO,7,1,900
LIVERPOOL,2024-03-19Z,NNW,11,7,75,5,4,11,GO,7,1,1080
LIVERPOOL,2024-03-19Z,ENE,11,7,78,6,2,11,GO,7,0,1260
LIVERPOOL,2024-03-20Z,ENE,10,7,81,13,2,11,MO,7,0,0
LIVERPOOL,2024-03-20Z,SE,9,9,86,62,4,10,MO,12,0,180
LIVERPOOL,2024-03-20Z,ESE,8,11,93,87,7,9,MO,15,0,360
LIVERPOOL,2024-03-20Z,WNW,8,9,92,56,7,10,MO,12,1,540
LIVERPOOL,2024-03-20Z,NW,7,13,90,51,9,9,MO,12,2,720
LIVERPOOL,2024-03-20Z,NW,7,20,84,10,11,9,GO,7,1,900
LIVERPOOL,2024-03-20Z,NNW,6,16,83,4,9,9,VG,1,1,1080
LIVERPOOL,2024-03-20Z,NW,6,11,86,2,7,8,VG,0,0,1260
LIVERPOOL,2024-03-21Z,W,5,9,88,4,7,7,VG,7,0,0
LIVERPOOL,2024-03-21Z,SW,5,9,88,5,7,7,VG,7,0,180
LIVERPOOL,2024-03-21Z,SSW,4,13,86,5,9,7,VG,7,0,360
LIVERPOOL,2024-03-21Z,S,5,18,79,9,11,8,GO,7,1,540
LIVERPOOL,2024-03-21Z,SSW,7,25,72,12,16,10,VG,7,2,720
LIVERPOOL,2024-03-21Z,SW,8,29,69,11,18,12,VG,8,1,900
LIVERPOOL,2024-03-21Z,SW,8,31,75,10,20,11,VG,8,1,1080
LIVERPOOL,2024-03-21Z,SW,7,34,82,14,20,11,GO,8,0,1260
LIVERPOOL,2024-03-22Z,WSW,7,29,84,44,18,10,GO,12,0,0
LIVERPOOL,2024-03-22Z,W,6,31,78,17,20,9,VG,8,0,180
LIVERPOOL,2024-03-22Z,W,5,31,77,12,20,9,VG,7,0,360
LIVERPOOL,2024-03-22Z,W,5,36,70,10,22,9,VG,7,1,540
LIVERPOOL,2024-03-22Z,W,5,40,61,9,25,9,VG,3,3,720
LIVERPOOL,2024-03-22Z,W,5,38,59,11,25,9,VG,3,1,900
LIVERPOOL,2024-03-22Z,W,4,38,63,10,22,8,VG,1,1,1080
LIVERPOOL,2024-03-22Z,W,2,40,69,11,25,7,VG,7,0,1260
GLASGOW,2024-03-18Z,SSW,9,16,71,5,11,11,VG,3,2,720
GLASGOW,2024-03-18Z,S,8,29,63,5,20,12,VG,7,1,900
GLASGOW,2024-03-18Z,S,7,29,77,81,16,10,MO,15,1,1080
GLASGOW,2024-03-18Z,S,7,34,85,94,16,10,MO,15,0,1260
GLASGOW,2024-03-19Z,S,8,27,89,91,13,10,VG,12,0,0
GLASGOW,2024-03-19Z,SSW,8,34,88,65,16,11,GO,13,0,180
GLASGOW,2024-03-19Z,WSW,6,25,89,43,11,9,GO,7,0,360
GLASGOW,2024-03-19Z,WSW,7,25,84,10,11,10,GO,7,1,540
GLASGOW,2024-03-19Z,W,8,25,64,9,13,11,VG,7,2,720
GLASGOW,2024-03-19Z,WNW,9,18,50,4,11,11,VG,7,1,900
GLASGOW,2024-03-19Z,WNW,8,11,53,4,7,10,VG,7,1,1080
GLASGOW,2024-03-19Z,NNW,8,4,66,5,2,8,VG,7,0,1260
GLASGOW,2024-03-20Z,NNE,7,4,70,12,2,8,GO,7,0,0
GLASGOW,2024-03-20Z,N,6,7,79,49,4,7,GO,8,0,180
GLASGOW,2024-03-20Z,NNW,5,9,87,54,4,6,GO,12,0,360
GLASGOW,2024-03-20Z,N,5,9,87,53,4,6,MO,10,1,540
GLASGOW,2024-03-20Z,NNE,7,11,76,13,4,8,GO,7,2,720
GLASGOW,2024-03-20Z,NNE,8,11,66,11,4,9,GO,8,1,900
GLASGOW,2024-03-20Z,SSE,8,9,70,5,4,9,VG,7,1,1080
GLASGOW,2024-03-20Z,S,4,9,79,5,4,6,VG,7,0,1260
GLASGOW,2024-03-21Z,S,4,13,82,6,7,6,VG,7,0,0
GLASGOW,2024-03-21Z,SSW,3,22,76,7,11,6,VG,7,0,180
GLASGOW,2024-03-21Z,SSW,3,31,76,20,16,7,GO,7,0,360
GLASGOW,2024-03-21Z,SSW,4,38,85,83,18,8,MO,15,1,540
GLASGOW,2024-03-21Z,SW,6,43,86,79,20,9,MO,15,1,720
GLASGOW,2024-03-21Z,SW,8,43,87,75,20,11,MO,15,1,900
GLASGOW,2024-03-21Z,WSW,7,38,84,73,18,11,GO,15,1,1080
GLASGOW,2024-03-21Z,WSW,6,34,82,36,18,9,VG,9,0,1260
GLASGOW,2024-03-22Z,WSW,5,34,77,12,16,8,VG,7,0,0
GLASGOW,2024-03-22Z,WSW,3,36,78,32,18,7,GO,9,0,180
GLASGOW,2024-03-22Z,WSW,2,31,80,36,16,7,VG,9,0,360
GLASGOW,2024-03-22Z,WSW,3,36,74,41,18,7,GO,10,1,540
GLASGOW,2024-03-22Z,WSW,3,40,67,40,20,7,GO,10,2,720
GLASGOW,2024-03-22Z,W,3,40,69,41,20,7,GO,10,1,900
GLASGOW,2024-03-22Z,WSW,1,36,75,39,18,6,GO,10,1,1080
GLASGOW,2024-03-22Z,WSW,1,34,80,34,16,5,GO,9,0,1260
BRISTOL,2024-03-18Z,W,12,13,79,10,7,13,GO,7,3,720
BRISTOL,2024-03-18Z,SSW,13,13,67,2,9,15,GO,3,1,900
BRISTOL,2024-03-18Z,SSW,12,22,71,9,13,14,GO,7,1,1080
BRISTOL,2024-03-18Z,SSW,10,25,84,4,11,12,GO,7,0,1260
BRISTOL,2024-03-19Z,SSW,9,25,82,9,9,11,GO,7,0,0
BRISTOL,2024-03-19Z,SSW,9,27,86,78,13,11,MO,15,0,180
BRISTOL,2024-03-19Z,SSW,9,22,90,15,9,11,GO,7,0,360
BRISTOL,2024-03-19Z,SSW,11,20,85,6,9,13,GO,7,1,540
BRISTOL,2024-03-19Z,SW,12,20,72,9,9,14,GO,7,2,720
BRISTOL,2024-03-19Z,WSW,13,13,69,9,7,14,GO,7,1,900
BRISTOL,2024-03-19Z,SW,13,7,72,7,4,13,GO,7,1,1080
BRISTOL,2024-03-19Z,S,11,7,88,74,4,12,MO,15,0,1260
BRISTOL,2024-03-20Z,S,10,13,92,62,7,11,MO,12,0,0
BRISTOL,2024-03-20Z,S,10,13,90,17,4,11,GO,7,0,180
BRISTOL,2024-03-20Z,S,10,11,91,14,4,11,MO,7,0,360
BRISTOL,2024-03-20Z,SSW,11,11,89,13,7,12,GO,7,1,540
BRISTOL,2024-03-20Z,SW,12,13,82,57,7,13,GO,8,2,720
BRISTOL,2024-03-20Z,WSW,13,13,76,11,7,14,GO,7,1,900
BRISTOL,2024-03-20Z,WNW,12,11,81,5,4,13,GO,3,1,1080
BRISTOL,2024-03-20Z,NNW,9,13,85,5,7,10,VG,2,0,1260
BRISTOL,2024-03-21Z,NNW,7,9,89,4,4,8,GO,7,0,0
BRISTOL,2024-03-21Z,NNW,5,7,92,5,4,7,GO,7,0,180
BRISTOL,2024-03-21Z,SW,5,7,92,6,4,6,GO,7,0,360
BRISTOL,2024-03-21Z,SW,8,16,85,5,7,9,VG,7,1,540
BRISTOL,2024-03-21Z,WSW,9,25,73,6,11,12,VG,7,2,720
BRISTOL,2024-03-21Z,WSW,10,27,68,5,13,12,VG,7,1,900
BRISTOL,2024-03-21Z,WSW,9,25,74,6,13,11,VG,7,1,1080
BRISTOL,2024-03-21Z,WSW,8,27,83,12,13,10,GO,8,0,1260
BRISTOL,2024-03-22Z,WSW,8,25,89,19,13,10,GO,8,0,0
BRISTOL,2024-03-22Z,WSW,8,25,90,47,13,10,GO,12,0,180
BRISTOL,2024-03-22Z,W,8,20,87,46,11,10,GO,12,0,360
BRISTOL,2024-03-22Z,W,8,22,79,14,11,10,VG,7,1,540
BRISTOL,2024-03-22Z,WNW,8,27,62,15,13,11,VG,8,2,720
BRISTOL,2024-03-22Z,WNW,8,29,55,13,16,11,GO,7,1,900
BRISTOL,2024-03-22Z,W,6,25,60,10,13,9,VG,3,1,1080
BRISTOL,2024-03-22Z,W,4,22,68,5,11,7,VG,0,0,1260
CAMBRIDGE,2024-03-18Z,SW,10,18,77,7,11,13,GO,7,2,720
CAMBRIDGE,2024-03-18Z,SSW,13,18,69,8,9,14,VG,7,1,900
CAMBRIDGE,2024-03-18Z,SSW,12,20,76,5,9,13,GO,7,0,1080
CAMBRIDGE,2024-03-18Z,SSW,9,20,87,4,9,11,GO,7,0,1260
CAMBRIDGE,2024-03-19Z,SSW,9,22,86,4,11,11,GO,7,0,0
CAMBRIDGE,2024-03-19Z,SSW,8,25,84,5,11,10,GO,7,0,180
CAMBRIDGE,2024-03-19Z,SSW,8,22,84,6,11,10,GO,7,0,360
CAMBRIDGE,2024-03-19Z,SSW,9,25,81,6,13,12,GO,7,1,540
CAMBRIDGE,2024-03-19Z,SW,12,25,72,4,13,14,GO,7,2,720
CAMBRIDGE,2024-03-19Z,SW,13,22,69,9,11,15,GO,7,1,900
CAMBRIDGE,2024-03-19Z,SSW,12,13,80,5,7,13,GO,7,1,1080
CAMBRIDGE,2024-03-19Z,SSW,11,13,86,4,7,12,GO,7,0,1260
CAMBRIDGE,2024-03-20Z,SSW,9,13,92,15,7,11,GO,7,0,0
CAMBRIDGE,2024-03-20Z,SSW,9,13,94,18,7,11,MO,7,0,180
CAMBRIDGE,2024-03-20Z,S,9,13,94,55,7,11,MO,12,0,360
CAMBRIDGE,2024-03-20Z,SSW,10,13,90,15,7,12,GO,7,1,540
CAMBRIDGE,2024-03-20Z,SSW,12,13,83,10,7,13,GO,7,2,720
CAMBRIDGE,2024-03-20Z,WSW,13,13,75,27,7,14,GO,7,1,900
CAMBRIDGE,2024-03-20Z,W,11,11,86,16,7,12,GO,7,1,1080
CAMBRIDGE,2024-03-20Z,NW,8,13,90,9,7,10,GO,7,0,1260
CAMBRIDGE,2024-03-21Z,NNW,7,11,94,5,7,8,GO,7,0,0
CAMBRIDGE,2024-03-21Z,NW,6,9,94,8,4,7,GO,8,0,180
CAMBRIDGE,2024-03-21Z,WNW,5,9,94,6,4,6,GO,7,0,360
CAMBRIDGE,2024-03-21Z,SW,7,13,86,6,7,9,GO,7,1,540
CAMBRIDGE,2024-03-21Z,SW,9,22,73,7,11,12,VG,8,2,720
CAMBRIDGE,2024-03-21Z,SW,11,27,67,6,13,13,VG,7,1,900
CAMBRIDGE,2024-03-21Z,SW,10,25,68,5,13,12,VG,7,1,1080
CAMBRIDGE,2024-03-21Z,SW,8,27,71,4,13,11,VG,7,0,1260
CAMBRIDGE,2024-03-22Z,SW,7,25,79,6,13,10,VG,7,0,0
CAMBRIDGE,2024-03-22Z,WSW,8,25,86,13,13,10,VG,8,0,180
CAMBRIDGE,2024-03-22Z,WSW,8,22,87,17,11,10,GO,8,0,360
CAMBRIDGE,2024-03-22Z,W,8,22,78,12,11,11,VG,7,1,540
CAMBRIDGE,2024-03-22Z,W,9,27,63,15,13,11,GO,7,2,720
CAMBRIDGE,2024-03-22Z,W,9,27,55,11,13,11,VG,7,1,900
CAMBRIDGE,2024-03-22Z,W,7,20,59,6,11,9,VG,1,1,1080
CAMBRIDGE,2024-03-22Z,W,4,20,67,2,11,7,VG,2,0,1260
CHELMSFORD,2024-03-18Z,SW,12,18,67,11,13,15,GO,7,2,720
CHELMSFORD,2024-03-18Z,SW,11,18,74,8,13,14,GO,7,1,900
CHELMSFORD,2024-03-18Z,SSW,11,18,78,2,11,13,GO,2,0,1080
CHELMSFORD,2024-03-18Z,SSW,9,20,86,4,9,11,GO,7,0,1260
CHELMSFORD,2024-03-19Z,SSW,9,20,86,5,9,11,GO,7,0,0
CHELMSFORD,2024-03-19Z,SSW,8,20,87,4,9,10,GO,7,0,180
CHELMSFORD,2024-03-19Z,SSW,8,20,84,5,9,10,GO,7,0,360
CHELMSFORD,2024-03-19Z,SW,9,25,81,6,13,11,GO,7,1,540
CHELMSFORD,2024-03-19Z,SW,11,22,76,6,13,13,GO,7,2,720
CHELMSFORD,2024-03-19Z,SW,12,22,71,5,11,15,GO,7,1,900
CHELMSFORD,2024-03-19Z,SSW,11,18,81,5,9,13,GO,7,1,1080
CHELMSFORD,2024-03-19Z,SSW,10,16,89,4,7,11,GO,7,0,1260
CHELMSFORD,2024-03-20Z,SSW,9,13,92,10,7,11,GO,8,0,0
CHELMSFORD,2024-03-20Z,S,9,11,94,10,4,10,GO,7,0,180
CHELMSFORD,2024-03-20Z,S,9,11,92,11,4,10,GO,7,0,360
CHELMSFORD,2024-03-20Z,S,11,9,87,8,4,11,GO,7,1,540
CHELMSFORD,2024-03-20Z,SSW,13,11,76,7,4,14,GO,7,2,720
CHELMSFORD,2024-03-20Z,WSW,14,13,67,9,7,15,GO,7,1,900
CHELMSFORD,2024-03-20Z,WSW,13,9,79,24,4,13,GO,7,1,1080
CHELMSFORD,2024-03-20Z,NW,10,11,86,5,7,11,GO,2,0,1260
CHELMSFORD,2024-03-21Z,NW,8,11,91,2,7,9,GO,2,0,0
CHELMSFORD,2024-03-21Z,NNW,6,11,95,9,7,8,GO,8,0,180
CHELMSFORD,2024-03-21Z,NNW,6,9,94,10,4,7,GO,8,0,360
CHELMSFORD,2024-03-21Z,WSW,8,11,88,8,4,9,GO,8,1,540
CHELMSFORD,2024-03-21Z,SW,10,20,74,7,9,12,VG,8,2,720
CHELMSFORD,2024-03-21Z,SW,11,22,65,5,11,14,VG,7,1,900
CHELMSFORD,2024-03-21Z,SW,11,20,67,5,11,13,VG,7,1,1080
CHELMSFORD,2024-03-21Z,SW,9,20,77,4,11,11,VG,7,0,1260
CHELMSFORD,2024-03-22Z,SW,8,22,82,5,11,10,VG,7,0,0
CHELMSFORD,2024-03-22Z,WSW,7,25,84,10,13,10,VG,8,0,180
CHELMSFORD,2024-03-22Z,WSW,7,22,86,15,11,10,GO,8,0,360
CHELMSFORD,2024-03-22Z,W,8,22,82,16,11,11,GO,8,1,540
CHELMSFORD,2024-03-22Z,W,9,25,68,15,13,12,GO,7,2,720
CHELMSFORD,2024-03-22Z,WNW,9,25,59,16,13,11,VG,8,1,900
CHELMSFORD,2024-03-22Z,W,7,20,60,10,11,10,VG,7,1,1080
CHELMSFORD,2024-03-22Z,W,5,20,64,3,11,8,VG,2,0,1260
MANCHESTER,2024-03-18Z,SSW,12,13,73,8,2,13,GO,7,3,720
MANCHESTER,2024-03-18Z,SW,13,18,53,5,7,14,VG,7,1,900
MANCHESTER,2024-03-18Z,S,11,22,62,5,11,13,GO,7,1,1080
MANCHESTER,2024-03-18Z,S,10,25,71,6,11,12,GO,7,0,1260
MANCHESTER,2024-03-19Z,S,9,29,77,50,13,11,GO,7,0,0
MANCHESTER,2024-03-19Z,SSW,8,27,85,54,13,11,GO,7,0,180
MANCHESTER,2024-03-19Z,SSW,8,25,88,52,11,11,GO,12,0,360
MANCHESTER,2024-03-19Z,WSW,10,18,84,8,9,11,GO,3,1,540
MANCHESTER,2024-03-19Z,W,11,18,63,6,9,13,VG,7,3,720
MANCHESTER,2024-03-19Z,WNW,13,13,55,5,7,14,VG,7,1,900
MANCHESTER,2024-03-19Z,NW,12,7,62,5,4,13,VG,7,1,1080
MANCHESTER,2024-03-19Z,ENE,11,7,68,5,2,12,GO,7,0,1260
MANCHESTER,2024-03-20Z,ENE,11,7,75,42,2,11,GO,12,0,0
MANCHESTER,2024-03-20Z,ESE,10,9,85,78,4,10,MO,15,0,180
MANCHESTER,2024-03-20Z,SE,9,9,92,90,4,10,MO,15,0,360
MANCHESTER,2024-03-20Z,SE,9,13,92,65,7,10,MO,12,1,540
MANCHESTER,2024-03-20Z,WNW,9,13,89,86,7,11,MO,15,1,720
MANCHESTER,2024-03-20Z,NW,9,16,82,43,7,11,GO,12,1,900
MANCHESTER,2024-03-20Z,NW,8,13,80,6,7,10,VG,3,1,1080
MANCHESTER,2024-03-20Z,NNW,7,7,88,5,4,8,GO,7,0,1260
MANCHESTER,2024-03-21Z,SSW,5,7,89,8,4,6,GO,7,0,0
MANCHESTER,2024-03-21Z,S,5,7,91,5,4,6,GO,7,0,180
MANCHESTER,2024-03-21Z,SSW,4,11,91,6,4,6,GO,7,0,360
MANCHESTER,2024-03-21Z,SSW,6,16,85,8,7,8,GO,7,1,540
MANCHESTER,2024-03-21Z,SSW,8,25,75,12,11,10,GO,7,2,720
MANCHESTER,2024-03-21Z,SW,10,29,67,12,13,12,VG,8,1,900
MANCHESTER,2024-03-21Z,SW,9,27,75,14,13,12,GO,7,1,1080
MANCHESTER,2024-03-21Z,SW,8,25,83,17,13,11,GO,7,0,1260
MANCHESTER,2024-03-22Z,WSW,8,27,86,49,13,11,GO,12,0,0
MANCHESTER,2024-03-22Z,W,6,27,82,48,13,9,GO,12,0,180
MANCHESTER,2024-03-22Z,W,5,25,77,16,13,8,VG,7,0,360
MANCHESTER,2024-03-22Z,W,5,31,71,31,16,9,GO,10,1,540
MANCHESTER,2024-03-22Z,W,6,36,60,31,18,9,VG,10,2,720
MANCHESTER,2024-03-22Z,W,6,36,57,32,18,9,VG,10,1,900
MANCHESTER,2024-03-22Z,W,4,31,62,11,16,8,VG,3,1,1080
MANCHESTER,2024-03-22Z,W,3,29,69,12,13,7,VG,2,0,1260
HINTON AMPNER GARDEN,2024-03-18Z,SW,11,18,80,10,9,13,GO,8,3,720
HINTON AMPNER GARDEN,2024-03-18Z,SSW,11,20,81,9,11,13,GO,7,1,900
HINTON AMPNER GARDEN,2024-03-18Z,SW,10,20,86,6,11,12,GO,7,1,1080
HINTON AMPNER GARDEN,2024-03-18Z,SSW,8,20,93,29,11,11,GO,7,0,1260
HINTON AMPNER GARDEN,2024-03-19Z,SSW,8,22,91,9,9,10,GO,7,0,0
HINTON AMPNER GARDEN,2024-03-19Z,SSW,8,25,88,6,11,10,GO,7,0,180
HINTON AMPNER GARDEN,2024-03-19Z,SSW,7,22,89,13,11,10,GO,8,0,360
HINTON AMPNER GARDEN,2024-03-19Z,SSW,8,22,92,49,11,11,MO,8,1,540
HINTON AMPNER GARDEN,2024-03-19Z,SSW,9,22,88,11,13,12,MO,8,2,720
HINTON AMPNER GARDEN,2024-03-19Z,SSW,10,20,87,6,11,12,GO,7,1,900
HINTON AMPNER GARDEN,2024-03-19Z,SSW,9,16,94,12,7,11,MO,7,1,1080
HINTON AMPNER GARDEN,2024-03-19Z,S,9,11,97,15,7,10,MO,8,0,1260
HINTON AMPNER GARDEN,2024-03-20Z,S,9,13,95,10,4,10,MO,7,0,0
HINTON AMPNER GARDEN,2024-03-20Z,SSE,9,11,95,14,4,10,MO,8,0,180
HINTON AMPNER GARDEN,2024-03-20Z,SSE,9,11,95,10,4,10,MO,7,0,360
HINTON AMPNER GARDEN,2024-03-20Z,S,11,9,90,9,4,12,GO,7,1,540
HINTON AMPNER GARDEN,2024-03-20Z,SW,13,11,75,8,7,14,GO,7,2,720
HINTON AMPNER GARDEN,2024-03-20Z,W,14,9,70,8,4,15,VG,7,1,900
HINTON AMPNER GARDEN,2024-03-20Z,W,12,9,85,7,4,12,GO,7,1,1080
HINTON AMPNER GARDEN,2024-03-20Z,NW,9,11,92,1,7,10,GO,0,0,1260
HINTON AMPNER GARDEN,2024-03-21Z,NNW,7,9,95,1,4,8,GO,2,0,0
HINTON AMPNER GARDEN,2024-03-21Z,NNW,5,9,95,6,4,7,GO,7,0,180
HINTON AMPNER GARDEN,2024-03-21Z,N,5,7,97,9,4,6,GO,8,0,360
HINTON AMPNER GARDEN,2024-03-21Z,WSW,8,11,88,8,4,9,GO,8,2,540
HINTON AMPNER GARDEN,2024-03-21Z,WSW,11,20,74,4,9,12,VG,7,3,720
HINTON AMPNER GARDEN,2024-03-21Z,SW,11,22,70,4,11,13,VG,7,1,900
HINTON AMPNER GARDEN,2024-03-21Z,SW,9,18,81,5,9,11,VG,7,1,1080
HINTON AMPNER GARDEN,2024-03-21Z,SW,7,18,90,4,9,9,GO,7,0,1260
HINTON AMPNER GARDEN,2024-03-22Z,SW,6,18,90,6,9,9,GO,7,0,0
HINTON AMPNER GARDEN,2024-03-22Z,WSW,7,20,90,11,11,9,GO,8,0,180
HINTON AMPNER GARDEN,2024-03-22Z,WSW,7,18,92,15,9,9,GO,8,0,360
HINTON AMPNER GARDEN,2024-03-22Z,W,8,22,85,18,11,10,GO,8,1,540
HINTON AMPNER GARDEN,2024-03-22Z,WNW,8,25,70,18,11,11,VG,8,2,720
HINTON AMPNER GARDEN,2024-03-22Z,WNW,8,27,63,14,13,11,VG,7,1,900
HINTON AMPNER GARDEN,2024-03-22Z,W,6,22,68,7,11,9,VG,3,1,1080
HINTON AMPNER GARDEN,2024-03-22Z,W,3,22,75,3,11,6,VG,2,0,1260
EXETER,2024-03-18Z,SW,12,20,70,5,11,14,GO,7,3,720
EXETER,2024-03-18Z,SW,12,29,67,12,11,15,GO,7,2,900
EXETER,2024-03-18Z,SSW,11,18,82,18,9,13,GO,8,1,1080
EXETER,2024-03-18Z,S,10,18,85,4,9,12,GO,7,0,1260
EXETER,2024-03-19Z,S,10,22,84,5,9,11,GO,7,0,0
EXETER,2024-03-19Z,SSW,9,25,88,54,11,11,MO,8,0,180
EXETER,2024-03-19Z,SSW,10,18,92,10,7,11,GO,7,0,360
EXETER,2024-03-19Z,SW,12,16,85,5,9,13,GO,7,1,540
EXETER,2024-03-19Z,SW,13,20,68,6,11,15,GO,7,3,720
EXETER,2024-03-19Z,SSW,13,16,69,8,9,15,GO,7,1,900
EXETER,2024-03-19Z,S,11,11,88,15,7,12,GO,7,1,1080
EXETER,2024-03-19Z,S,11,11,92,18,4,12,GO,7,0,1260
EXETER,2024-03-20Z,SSE,10,11,92,13,7,11,MO,7,0,0
EXETER,2024-03-20Z,S,10,11,93,13,7,11,MO,7,0,180
EXETER,2024-03-20Z,SSE,10,9,95,12,4,11,MO,7,0,360
EXETER,2024-03-20Z,S,11,9,92,49,4,12,MO,12,1,540
EXETER,2024-03-20Z,S,13,11,81,8,7,14,GO,7,2,720
EXETER,2024-03-20Z,SSW,13,11,76,9,4,14,GO,7,1,900
EXETER,2024-03-20Z,WNW,12,11,83,3,7,13,GO,3,1,1080
EXETER,2024-03-20Z,NW,8,11,90,1,7,9,GO,0,0,1260
EXETER,2024-03-21Z,NW,6,11,93,4,7,8,GO,7,0,0
EXETER,2024-03-21Z,NW,6,7,94,5,4,7,MO,7,0,180
EXETER,2024-03-21Z,WNW,5,9,95,7,4,6,MO,7,0,360
EXETER,2024-03-21Z,WSW,8,11,86,6,4,9,MO,7,1,540
EXETER,2024-03-21Z,SW,12,16,72,5,7,13,VG,7,3,720
EXETER,2024-03-21Z,WSW,13,18,67,4,9,14,VG,7,1,900
EXETER,2024-03-21Z,WSW,10,16,75,4,9,12,VG,7,1,1080
EXETER,2024-03-21Z,WSW,8,16,83,6,9,10,VG,7,0,1260
EXETER,2024-03-22Z,WSW,8,16,87,7,9,10,GO,7,0,0
EXETER,2024-03-22Z,WSW,9,16,88,11,9,11,GO,8,0,180
EXETER,2024-03-22Z,W,8,18,87,12,11,10,GO,8,0,360
EXETER,2024-03-22Z,WNW,8,25,77,9,13,11,GO,7,1,540
EXETER,2024-03-22Z,WNW,8,29,63,11,16,11,VG,7,2,720
EXETER,2024-03-22Z,WNW,8,31,59,10,18,11,GO,7,1,900
EXETER,2024-03-22Z,WNW,6,25,65,4,13,9,VG,1,1,1080
EXETER,2024-03-22Z,WNW,4,25,71,2,13,7,VG,0,0,1260
PLYMOUTH,2024-03-18Z,SW,11,22,87,5,11,13,GO,7,3,720
PLYMOUTH,2024-03-18Z,SW,9,29,99,13,18,12,MO,8,2,900
PLYMOUTH,2024-03-18Z,SW,9,27,94,54,16,12,MO,8,1,1080
PLYMOUTH,2024-03-18Z,SSW,9,25,88,12,13,11,GO,8,0,1260
PLYMOUTH,2024-03-19Z,SSW,8,29,87,11,18,11,GO,8,0,0
PLYMOUTH,2024-03-19Z,SSW,8,31,92,78,18,11,MO,15,0,180
PLYMOUTH,2024-03-19Z,SW,8,27,95,16,16,11,MO,7,0,360
PLYMOUTH,2024-03-19Z,SW,9,20,93,7,11,12,GO,7,1,540
PLYMOUTH,2024-03-19Z,SW,11,16,85,5,11,13,GO,7,2,720
PLYMOUTH,2024-03-19Z,SSW,10,16,91,51,9,12,MO,12,1,900
PLYMOUTH,2024-03-19Z,SSW,10,16,95,56,9,11,MO,12,1,1080
PLYMOUTH,2024-03-19Z,S,9,16,95,20,9,11,MO,8,0,1260
PLYMOUTH,2024-03-20Z,S,9,18,93,18,11,11,MO,7,0,0
PLYMOUTH,2024-03-20Z,SSE,9,13,95,17,9,11,MO,8,0,180
PLYMOUTH,2024-03-20Z,S,10,11,96,12,7,11,MO,7,0,360
PLYMOUTH,2024-03-20Z,S,10,11,93,9,7,11,MO,7,1,540
PLYMOUTH,2024-03-20Z,SSW,11,11,86,8,7,12,GO,7,2,720
PLYMOUTH,2024-03-20Z,W,12,13,81,7,7,13,GO,7,1,900
PLYMOUTH,2024-03-20Z,NW,10,13,86,2,7,12,GO,3,1,1080
PLYMOUTH,2024-03-20Z,NNW,7,13,90,1,7,9,GO,0,0,1260
PLYMOUTH,2024-03-21Z,NNW,6,11,93,4,7,8,GO,7,0,0
PLYMOUTH,2024-03-21Z,NNW,5,11,95,6,7,7,MO,7,0,180
PLYMOUTH,2024-03-21Z,NNW,5,9,95,6,7,7,MO,7,0,360
PLYMOUTH,2024-03-21Z,W,8,11,85,5,7,10,GO,7,1,540
PLYMOUTH,2024-03-21Z,WSW,10,18,75,5,9,12,VG,7,3,720
PLYMOUTH,2024-03-21Z,WSW,10,22,72,6,13,12,VG,7,2,900
PLYMOUTH,2024-03-21Z,WSW,8,20,80,6,13,11,VG,7,1,1080
PLYMOUTH,2024-03-21Z,WSW,7,22,90,7,13,10,GO,7,0,1260
PLYMOUTH,2024-03-22Z,WSW,7,22,93,14,13,10,GO,8,0,0
PLYMOUTH,2024-03-22Z,WSW,7,25,94,20,13,10,MO,8,0,180
PLYMOUTH,2024-03-22Z,W,7,22,91,46,13,10,MO,12,0,360
PLYMOUTH,2024-03-22Z,WNW,7,25,82,42,13,10,GO,12,1,540
PLYMOUTH,2024-03-22Z,WNW,7,29,67,14,18,10,VG,8,2,720
PLYMOUTH,2024-03-22Z,WNW,7,34,63,10,18,10,GO,7,2,900
PLYMOUTH,2024-03-22Z,WNW,5,29,66,4,18,9,VG,1,1,1080
PLYMOUTH,2024-03-22Z,WNW,4,29,72,3,18,8,VG,0,0,1260
CARLISLE AIRPORT,2024-03-18Z,SW,9,16,74,8,11,12,VG,7,2,720
CARLISLE AIRPORT,2024-03-18Z,SSW,8,25,63,4,20,12,VG,7,1,900
CARLISLE AIRPORT,2024-03-18Z,S,8,20,73,15,11,11,VG,7,1,1080
CARLISLE AIRPORT,2024-03-18Z,SSE,7,27,78,7,13,10,GO,7,0,1260
CARLISLE AIRPORT,2024-03-19Z,S,7,34,84,78,18,10,GO,12,0,0
CARLISLE AIRPORT,2024-03-19Z,SSW,7,34,86,82,18,10,VG,15,0,180
CARLISLE AIRPORT,2024-03-19Z,SW,7,27,90,20,13,10,GO,7,0,360
CARLISLE AIRPORT,2024-03-19Z,WSW,7,22,88,9,13,10,VG,7,1,540
CARLISLE AIRPORT,2024-03-19Z,WSW,9,20,77,7,11,11,VG,7,2,720
CARLISLE AIRPORT,2024-03-19Z,WSW,10,18,70,7,9,12,VG,7,1,900
CARLISLE AIRPORT,2024-03-19Z,W,9,9,83,5,4,10,VG,7,1,1080
CARLISLE AIRPORT,2024-03-19Z,NE,7,4,90,5,2,8,GO,7,0,1260
CARLISLE AIRPORT,2024-03-20Z,ENE,7,7,90,5,4,8,GO,7,0,0
CARLISLE AIRPORT,2024-03-20Z,ENE,6,11,88,19,7,7,GO,8,0,180
CARLISLE AIRPORT,2024-03-20Z,NE,5,11,91,82,7,7,MO,15,0,360
CARLISLE AIRPORT,2024-03-20Z,NNE,6,11,92,83,4,8,MO,15,1,540
CARLISLE AIRPORT,2024-03-20Z,N,7,11,86,55,7,9,GO,12,2,720
CARLISLE AIRPORT,2024-03-20Z,N,8,16,77,11,7,10,VG,7,1,900
CARLISLE AIRPORT,2024-03-20Z,N,7,9,80,7,4,8,VG,7,1,1080
CARLISLE AIRPORT,2024-03-20Z,WNW,4,7,88,2,4,6,VG,2,0,1260
CARLISLE AIRPORT,2024-03-21Z,ENE,3,7,91,5,4,5,GO,7,0,0
CARLISLE AIRPORT,2024-03-21Z,S,3,11,89,6,7,5,GO,7,0,180
CARLISLE AIRPORT,2024-03-21Z,SSW,3,18,84,8,9,6,VG,7,0,360
CARLISLE AIRPORT,2024-03-21Z,SSW,5,29,80,16,16,8,GO,7,1,540
CARLISLE AIRPORT,2024-03-21Z,SW,6,38,80,50,20,10,GO,12,1,720
CARLISLE AIRPORT,2024-03-21Z,SW,7,38,84,50,20,10,MO,12,1,900
CARLISLE AIRPORT,2024-03-21Z,SW,7,38,89,53,20,10,MO,12,1,1080
CARLISLE AIRPORT,2024-03-21Z,WSW,7,31,90,74,16,10,GO,15,0,1260
CARLISLE AIRPORT,2024-03-22Z,WSW,6,29,83,22,16,9,VG,7,0,0
CARLISLE AIRPORT,2024-03-22Z,WSW,4,29,81,13,16,8,VG,7,0,180
CARLISLE AIRPORT,2024-03-22Z,WSW,3,29,81,9,13,7,VG,7,0,360
CARLISLE AIRPORT,2024-03-22Z,WSW,4,36,73,35,18,7,GO,10,1,540
CARLISLE AIRPORT,2024-03-22Z,W,4,40,66,42,20,8,GO,10,2,720
CARLISLE AIRPORT,2024-03-22Z,W,4,38,63,39,18,8,VG,10,1,900
CARLISLE AIRPORT,2024-03-22Z,WSW,2,31,70,33,16,6,VG,10,1,1080
CARLISLE AIRPORT,2024-03-22Z,WSW,1,29,76,12,13,5,GO,7,0,1260
LIVERPOOL JOHN LENNON AIRPORT,2024-03-18Z,WSW,11,18,58,4,11,14,VG,3,3,720
LIVERPOOL JOHN LENNON AIRPORT,2024-03-18Z,SSW,11,25,58,49,11,14,GO,7,1,900
LIVERPOOL JOHN LENNON AIRPORT,2024-03-18Z,S,10,25,66,5,13,12,GO,7,1,1080
LIVERPOOL JOHN LENNON AIRPORT,2024-03-18Z,S,8,22,79,5,13,11,GO,7,0,1260
LIVERPOOL JOHN LENNON AIRPORT,2024-03-19Z,S,7,31,79,51,18,11,GO,7,0,0
LIVERPOOL JOHN LENNON AIRPORT,2024-03-19Z,S,8,22,88,16,13,10,GO,7,0,180
LIVERPOOL JOHN LENNON AIRPORT,2024-03-19Z,SSW,8,20,87,40,11,11,GO,7,0,360
LIVERPOOL JOHN LENNON AIRPORT,2024-03-19Z,W,9,16,81,8,9,11,GO,3,1,540
LIVERPOOL JOHN LENNON AIRPORT,2024-03-19Z,WNW,11,16,63,6,9,13,VG,7,3,720
LIVERPOOL JOHN LENNON AIRPORT,2024-03-19Z,NW,11,13,65,5,9,13,VG,7,1,900
LIVERPOOL JOHN LENNON AIRPORT,2024-03-19Z,NNW,11,7,70,5,4,12,VG,7,1,1080
LIVERPOOL JOHN LENNON AIRPORT,2024-03-19Z,NE,11,7,77,5,4,11,GO,7,0,1260
LIVERPOOL JOHN LENNON AIRPORT,2024-03-20Z,ENE,10,9,84,43,4,10,MO,7,0,0
LIVERPOOL JOHN LENNON AIRPORT,2024-03-20Z,ESE,8,11,89,83,4,9,MO,15,0,180
LIVERPOOL JOHN LENNON AIRPORT,2024-03-20Z,E,8,11,95,88,7,9,MO,15,0,360
LIVERPOOL JOHN LENNON AIRPORT,2024-03-20Z,NW,8,11,92,55,7,10,GO,12,1,540
LIVERPOOL JOHN LENNON AIRPORT,2024-03-20Z,NW,9,16,89,86,9,10,MO,15,2,720
LIVERPOOL JOHN LENNON AIRPORT,2024-03-20Z,NW,8,20,84,10,11,10,GO,7,1,900
LIVERPOOL JOHN LENNON AIRPORT,2024-03-20Z,NW,6,16,83,4,9,9,VG,1,1,1080
LIVERPOOL JOHN LENNON AIRPORT,2024-03-20Z,WNW,6,11,88,2,7,7,VG,0,0,1260
LIVERPOOL JOHN LENNON AIRPORT,2024-03-21Z,WSW,5,9,89,4,4,6,VG,7,0,0
LIVERPOOL JOHN LENNON AIRPORT,2024-03-21Z,SW,4,9,89,5,4,6,VG,7,0,180
LIVERPOOL JOHN LENNON AIRPORT,2024-03-21Z,SSW,3,11,87,5,7,6,VG,7,0,360
LIVERPOOL JOHN LENNON AIRPORT,2024-03-21Z,SSW,5,16,81,9,9,8,VG,7,1,540
LIVERPOOL JOHN LENNON AIRPORT,2024-03-21Z,SSW,8,22,73,12,13,10,VG,7,2,720
LIVERPOOL JOHN LENNON AIRPORT,2024-03-21Z,SW,9,29,67,9,16,12,VG,7,1,900
LIVERPOOL JOHN LENNON AIRPORT,2024-03-21Z,SW,8,27,73,7,16,11,VG,7,1,1080
LIVERPOOL JOHN LENNON AIRPORT,2024-03-21Z,SW,8,27,80,11,16,11,VG,7,0,1260
LIVERPOOL JOHN LENNON AIRPORT,2024-03-22Z,WSW,7,27,82,17,16,10,GO,7,0,0
LIVERPOOL JOHN LENNON AIRPORT,2024-03-22Z,W,5,25,79,14,13,9,GO,7,0,180
LIVERPOOL JOHN LENNON AIRPORT,2024-03-22Z,W,4,25,77,15,13,8,VG,8,0,360
LIVERPOOL JOHN LENNON AIRPORT,2024-03-22Z,W,5,29,68,9,16,8,VG,7,1,540
LIVERPOOL JOHN LENNON AIRPORT,2024-03-22Z,W,6,34,56,10,18,10,VG,7,3,720
LIVERPOOL JOHN LENNON AIRPORT,2024-03-22Z,W,5,34,55,31,18,9,VG,10,1,900
LIVERPOOL JOHN LENNON AIRPORT,2024-03-22Z,W,3,31,61,10,18,8,VG,3,1,1080
LIVERPOOL JOHN LENNON AIRPORT,2024-03-22Z,W,2,31,67,8,18,7,VG,2,0,1260
SCATSTA,2024-03-18Z,S,5,22,97,17,11,8,PO,5,1,720
SCATSTA,2024-03-18Z,SSW,6,16,90,8,11,9,MO,7,1,900
SCATSTA,2024-03-18Z,SSE,5,25,94,4,11,8,MO,7,1,1080
SCATSTA,2024-03-18Z,SSE,2,31,96,4,18,7,GO,7,0,1260
SCATSTA,2024-03-19Z,SSE,3,38,91,19,22,7,GO,7,0,0
SCATSTA,2024-03-19Z,SSE,3,40,92,91,25,7,MO,15,0,180
SCATSTA,2024-03-19Z,SSE,3,38,95,94,22,8,GO,15,0,360
SCATSTA,2024-03-19Z,SSW,4,36,91,54,22,9,VG,8,1,540
SCATSTA,2024-03-19Z,WSW,3,40,86,80,25,8,VG,15,1,720
SCATSTA,2024-03-19Z,W,1,40,75,55,25,7,VG,8,1,900
SCATSTA,2024-03-19Z,W,1,34,68,13,20,6,EX,7,1,1080
SCATSTA,2024-03-19Z,W,2,25,67,8,13,6,EX,7,0,1260
SCATSTA,2024-03-20Z,W,1,22,68,8,13,5,EX,7,0,0
SCATSTA,2024-03-20Z,WSW,2,16,79,33,9,5,VG,7,0,180
SCATSTA,2024-03-20Z,WSW,2,11,86,51,7,4,VG,12,0,360
SCATSTA,2024-03-20Z,SW,3,13,81,50,9,6,VG,7,1,540
SCATSTA,2024-03-20Z,WSW,4,13,76,38,9,7,VG,10,2,720
SCATSTA,2024-03-20Z,WSW,4,18,72,5,11,7,VG,3,1,900
SCATSTA,2024-03-20Z,SW,3,13,78,3,9,6,VG,3,1,1080
SCATSTA,2024-03-20Z,SSW,2,16,82,6,11,5,VG,7,0,1260
SCATSTA,2024-03-21Z,S,1,22,79,7,13,5,VG,7,0,0
SCATSTA,2024-03-21Z,S,1,29,83,11,18,6,GO,7,0,180
SCATSTA,2024-03-21Z,S,0,36,86,61,22,6,MO,12,0,360
SCATSTA,2024-03-21Z,S,0,43,90,94,27,6,MO,15,1,540
SCATSTA,2024-03-21Z,SSW,3,45,88,93,27,8,MO,15,1,720
SCATSTA,2024-03-21Z,SW,5,43,87,86,25,10,GO,15,1,900
SCATSTA,2024-03-21Z,SW,4,43,81,74,27,9,GO,15,1,1080
SCATSTA,2024-03-21Z,SW,3,43,80,37,27,8,VG,9,0,1260
SCATSTA,2024-03-22Z,WSW,2,45,78,41,27,7,GO,9,0,0
SCATSTA,2024-03-22Z,WSW,1,40,81,39,25,6,VG,9,0,180
SCATSTA,2024-03-22Z,WSW,1,38,78,32,25,6,VG,9,0,360
SCATSTA,2024-03-22Z,WSW,1,43,76,37,27,6,GO,10,1,540
SCATSTA,2024-03-22Z,WSW,1,43,75,40,27,7,GO,10,1,720
SCATSTA,2024-03-22Z,WSW,1,40,78,40,25,6,GO,10,1,900
SCATSTA,2024-03-22Z,WSW,0,38,82,40,22,6,GO,10,1,1080
SCATSTA,2024-03-22Z,W,1,31,85,36,20,6,GO,9,0,1260
SELLA NESS,2024-03-18Z,S,6,20,97,17,11,8,PO,5,1,720
SELLA NESS,2024-03-18Z,SSW,6,16,88,8,11,9,MO,7,1,900
SELLA NESS,2024-03-18Z,SSE,5,25,92,4,11,8,MO,7,1,1080
SELLA NESS,2024-03-18Z,SSE,3,31,95,4,18,7,GO,7,0,1260
SELLA NESS,2024-03-19Z,SSE,3,38,91,16,20,7,GO,7,0,0
SELLA NESS,2024-03-19Z,SSE,3,40,92,91,22,8,MO,15,0,180
SELLA NESS,2024-03-19Z,SSE,3,38,94,93,22,8,GO,15,0,360
SELLA NESS,2024-03-19Z,SSW,5,36,91,55,20,9,VG,8,1,540
SELLA NESS,2024-03-19Z,WSW,3,43,85,80,27,8,VG,15,1,720
SELLA NESS,2024-03-19Z,W,2,40,73,52,29,7,VG,8,1,900
SELLA NESS,2024-03-19Z,W,1,36,67,14,22,6,EX,7,1,1080
SELLA NESS,2024-03-19Z,W,2,27,66,7,18,6,EX,7,0,1260
SELLA NESS,2024-03-20Z,W,2,25,68,8,16,6,EX,7,0,0
SELLA NESS,2024-03-20Z,WSW,2,18,78,10,9,5,VG,8,0,180
SELLA NESS,2024-03-20Z,WSW,2,16,85,50,9,5,GO,12,0,360
SELLA NESS,2024-03-20Z,SW,2,13,81,49,9,5,VG,7,1,540
SELLA NESS,2024-03-20Z,WSW,4,16,75,44,9,6,VG,10,2,720
SELLA NESS,2024-03-20Z,WSW,3,18,72,5,13,7,VG,3,1,900
SELLA NESS,2024-03-20Z,SW,3,16,77,3,11,6,VG,3,1,1080
SELLA NESS,2024-03-20Z,SSW,2,16,81,6,11,5,VG,7,0,1260
SELLA NESS,2024-03-21Z,S,1,20,79,7,13,5,VG,7,0,0
SELLA NESS,2024-03-21Z,S,1,27,83,11,18,6,GO,7,0,180
SELLA NESS,2024-03-21Z,S,0,36,86,61,22,5,MO,12,0,360
SELLA NESS,2024-03-21Z,S,-1,43,90,94,27,5,MO,15,1,540
SELLA NESS,2024-03-21Z,SSW,2,45,88,93,27,7,MO,15,1,720
SELLA NESS,2024-03-21Z,SW,5,43,87,86,27,9,GO,15,1,900
SELLA NESS,2024-03-21Z,SW,4,45,80,74,29,9,GO,15,1,1080
SELLA NESS,2024-03-21Z,WSW,3,45,80,37,29,8,VG,9,0,1260
SELLA NESS,2024-03-22Z,WSW,2,45,78,41,31,8,GO,9,0,0
SELLA NESS,2024-03-22Z,WSW,1,43,81,39,29,7,VG,9,0,180
SELLA NESS,2024-03-22Z,WSW,0,43,78,31,29,6,VG,9,0,360
SELLA NESS,2024-03-22Z,WSW,0,45,76,37,31,6,GO,10,1,540
SELLA NESS,2024-03-22Z,WSW,0,45,75,40,31,6,GO,10,1,720
SELLA NESS,2024-03-22Z,WSW,0,43,78,40,29,6,GO,10,1,900
SELLA NESS,2024-03-22Z,WSW,0,40,82,39,27,6,GO,10,1,1080
SELLA NESS,2024-03-22Z,W,1,34,85,36,22,6,GO,9,0,1260
LOSSIEMOUTH,2024-03-18Z,WSW,12,18,53,0,11,14,VG,3,2,720
LOSSIEMOUTH,2024-03-18Z,SSW,10,22,47,0,16,14,EX,1,1,900
LOSSIEMOUTH,2024-03-18Z,SE,9,20,59,36,13,12,VG,3,1,1080
LOSSIEMOUTH,2024-03-18Z,SSE,7,25,74,5,13,10,VG,7,0,1260
LOSSIEMOUTH,2024-03-19Z,SSE,7,31,77,6,16,11,VG,7,0,0
LOSSIEMOUTH,2024-03-19Z,SSE,7,25,83,3,13,10,VG,2,0,180
LOSSIEMOUTH,2024-03-19Z,SW,7,27,80,36,16,11,EX,7,0,360
LOSSIEMOUTH,2024-03-19Z,WSW,6,31,78,37,18,10,VG,10,1,540
LOSSIEMOUTH,2024-03-19Z,W,6,29,68,8,18,9,VG,7,2,720
LOSSIEMOUTH,2024-03-19Z,WNW,6,27,63,5,16,9,EX,7,1,900
LOSSIEMOUTH,2024-03-19Z,WNW,5,18,68,7,9,8,VG,7,1,1080
LOSSIEMOUTH,2024-03-19Z,W,5,9,83,7,4,6,VG,8,0,1260
LOSSIEMOUTH,2024-03-20Z,W,4,7,85,5,4,5,VG,7,0,0
LOSSIEMOUTH,2024-03-20Z,SSW,3,7,86,6,4,4,VG,7,0,180
LOSSIEMOUTH,2024-03-20Z,N,3,9,88,7,4,4,GO,7,0,360
LOSSIEMOUTH,2024-03-20Z,SW,4,9,84,10,4,6,GO,7,1,540
LOSSIEMOUTH,2024-03-20Z,NNW,6,9,77,9,4,7,GO,7,2,720
LOSSIEMOUTH,2024-03-20Z,S,7,11,69,2,7,9,VG,3,1,900
LOSSIEMOUTH,2024-03-20Z,ESE,5,9,78,2,4,7,VG,3,1,1080
LOSSIEMOUTH,2024-03-20Z,SSE,2,13,81,5,9,5,VG,7,0,1260
LOSSIEMOUTH,2024-03-21Z,S,1,18,78,5,9,5,VG,7,0,0
LOSSIEMOUTH,2024-03-21Z,S,2,20,72,6,11,6,VG,7,0,180
LOSSIEMOUTH,2024-03-21Z,SSW,3,27,69,14,13,7,GO,7,0,360
LOSSIEMOUTH,2024-03-21Z,SSW,5,34,70,41,16,9,VG,12,1,540
LOSSIEMOUTH,2024-03-21Z,SW,9,38,67,7,20,13,VG,7,2,720
LOSSIEMOUTH,2024-03-21Z,SW,10,40,69,6,20,14,GO,7,1,900
LOSSIEMOUTH,2024-03-21Z,WSW,7,38,69,4,20,12,VG,1,1,1080
LOSSIEMOUTH,2024-03-21Z,WSW,4,34,69,3,18,9,VG,0,0,1260
LOSSIEMOUTH,2024-03-22Z,WSW,3,34,69,6,18,8,VG,7,0,0
LOSSIEMOUTH,2024-03-22Z,WSW,2,34,72,4,18,7,VG,2,0,180
LOSSIEMOUTH,2024-03-22Z,WSW,1,36,70,6,20,6,VG,7,0,360
LOSSIEMOUTH,2024-03-22Z,WSW,1,40,64,8,22,6,VG,7,1,540
LOSSIEMOUTH,2024-03-22Z,WSW,3,47,59,9,25,8,VG,3,2,720
LOSSIEMOUTH,2024-03-22Z,WSW,3,45,61,10,25,8,GO,3,1,900
LOSSIEMOUTH,2024-03-22Z,WSW,1,38,70,6,20,6,VG,3,1,1080
LOSSIEMOUTH,2024-03-22Z,WSW,0,36,74,7,18,5,VG,7,0,1260
WICK JOHN O GROATS AIRPORT,2024-03-18Z,SSW,8,20,73,0,16,11,VG,1,2,720
WICK JOHN O GROATS AIRPORT,2024-03-18Z,SSE,7,22,71,4,11,10,VG,3,1,900
WICK JOHN O GROATS AIRPORT,2024-03-18Z,SSE,6,36,76,4,16,9,VG,7,1,1080
WICK JOHN O GROATS AIRPORT,2024-03-18Z,SSE,4,40,82,79,22,8,VG,12,0,1260
WICK JOHN O GROATS AIRPORT,2024-03-19Z,SSE,3,40,90,83,22,8,GO,15,0,0
WICK JOHN O GROATS AIRPORT,2024-03-19Z,SSE,4,36,89,9,22,8,GO,7,0,180
WICK JOHN O GROATS AIRPORT,2024-03-19Z,S,5,31,87,37,16,9,GO,2,0,360
WICK JOHN O GROATS AIRPORT,2024-03-19Z,W,5,29,84,43,16,8,VG,12,1,540
WICK JOHN O GROATS AIRPORT,2024-03-19Z,W,4,34,69,16,20,8,VG,8,2,720
WICK JOHN O GROATS AIRPORT,2024-03-19Z,WNW,4,29,61,8,18,8,EX,7,1,900
WICK JOHN O GROATS AIRPORT,2024-03-19Z,W,3,18,72,4,9,6,VG,7,1,1080
WICK JOHN O GROATS AIRPORT,2024-03-19Z,WSW,2,13,80,7,7,5,VG,7,0,1260
WICK JOHN O GROATS AIRPORT,2024-03-20Z,W,2,11,83,8,4,4,VG,8,0,0
WICK JOHN O GROATS AIRPORT,2024-03-20Z,SW,2,11,86,6,4,4,VG,7,0,180
WICK JOHN O GROATS AIRPORT,2024-03-20Z,WSW,2,9,88,6,7,4,VG,7,0,360
WICK JOHN O GROATS AIRPORT,2024-03-20Z,WSW,4,9,80,6,4,5,VG,7,1,540
WICK JOHN O GROATS AIRPORT,2024-03-20Z,SSW,5,11,68,14,7,7,VG,7,2,720
WICK JOHN O GROATS AIRPORT,2024-03-20Z,SW,6,11,69,6,7,8,VG,3,1,900
WICK JOHN O GROATS AIRPORT,2024-03-20Z,S,4,11,79,8,7,6,VG,7,1,1080
WICK JOHN O GROATS AIRPORT,2024-03-20Z,S,2,16,83,9,11,6,VG,8,0,1260
WICK JOHN O GROATS AIRPORT,2024-03-21Z,S,1,20,83,6,13,6,VG,7,0,0
WICK JOHN O GROATS AIRPORT,2024-03-21Z,S,1,29,79,12,18,6,VG,7,0,180
WICK JOHN O GROATS AIRPORT,2024-03-21Z,S,0,36,78,60,22,6,MO,12,0,360
WICK JOHN O GROATS AIRPORT,2024-03-21Z,SSW,2,36,81,56,22,7,VG,12,1,540
WICK JOHN O GROATS AIRPORT,2024-03-21Z,SSW,5,34,79,38,22,10,VG,10,1,720
WICK JOHN O GROATS AIRPORT,2024-03-21Z,SW,8,29,76,34,18,12,GO,10,1,900
WICK JOHN O GROATS AIRPORT,2024-03-21Z,WSW,5,31,70,32,18,9,VG,10,1,1080
WICK JOHN O GROATS AIRPORT,2024-03-21Z,WSW,3,31,70,6,18,8,VG,2,0,1260
WICK JOHN O GROATS AIRPORT,2024-03-22Z,WSW,2,31,72,4,18,7,VG,2,0,0
WICK JOHN O GROATS AIRPORT,2024-03-22Z,WSW,1,31,73,9,20,6,VG,7,0,180
WICK JOHN O GROATS AIRPORT,2024-03-22Z,WSW,-1,34,73,7,20,5,VG,2,0,360
WICK JOHN O GROATS AIRPORT,2024-03-22Z,WSW,0,36,70,10,20,5,VG,3,1,540
WICK JOHN O GROATS AIRPORT,2024-03-22Z,WSW,1,40,66,16,25,7,GO,7,2,720
WICK JOHN O GROATS AIRPORT,2024-03-22Z,WSW,1,38,69,15,22,6,GO,3,1,900
WICK JOHN O GROATS AIRPORT,2024-03-22Z,WSW,0,34,75,14,20,5,VG,7,1,1080
WICK JOHN O GROATS AIRPORT,2024-03-22Z,WSW,-1,31,79,17,18,5,GO,7,0,1260
BRAEMAR,2024-03-18Z,SW,6,25,57,4,20,10,VG,7,2,720
BRAEMAR,2024-03-18Z,SW,7,25,56,1,18,11,EX,3,1,900
BRAEMAR,2024-03-18Z,SSW,6,25,70,37,13,9,VG,7,1,1080
BRAEMAR,2024-03-18Z,S,4,34,88,90,13,7,MO,15,0,1260
BRAEMAR,2024-03-19Z,S,5,29,89,91,9,8,MO,15,0,0
BRAEMAR,2024-03-19Z,SSW,5,31,91,83,11,8,MO,15,0,180
BRAEMAR,2024-03-19Z,WSW,5,29,88,58,11,8,VG,12,0,360
BRAEMAR,2024-03-19Z,WSW,5,27,81,11,11,8,VG,7,1,540
BRAEMAR,2024-03-19Z,W,5,27,67,10,11,8,VG,7,2,720
BRAEMAR,2024-03-19Z,WNW,5,20,61,5,9,8,VG,7,1,900
BRAEMAR,2024-03-19Z,W,5,9,72,8,2,6,VG,7,1,1080
BRAEMAR,2024-03-19Z,NW,3,4,82,5,2,4,VG,7,0,1260
BRAEMAR,2024-03-20Z,NNE,3,7,84,12,2,4,VG,7,0,0
BRAEMAR,2024-03-20Z,ESE,3,7,86,12,2,4,VG,8,0,180
BRAEMAR,2024-03-20Z,NNW,2,7,88,51,2,3,GO,7,0,360
BRAEMAR,2024-03-20Z,NNE,2,4,90,51,2,3,PO,12,1,540
BRAEMAR,2024-03-20Z,N,4,9,79,42,4,5,GO,12,2,720
BRAEMAR,2024-03-20Z,NNE,5,9,74,11,4,6,VG,7,1,900
BRAEMAR,2024-03-20Z,ESE,4,7,84,6,2,5,GO,7,1,1080
BRAEMAR,2024-03-20Z,SSE,1,9,91,5,4,3,GO,7,0,1260
BRAEMAR,2024-03-21Z,SSW,1,13,88,6,7,3,MO,7,0,0
BRAEMAR,2024-03-21Z,SSW,0,22,86,6,11,3,MO,7,0,180
BRAEMAR,2024-03-21Z,SSW,-1,31,86,10,16,4,GO,7,0,360
BRAEMAR,2024-03-21Z,SW,1,38,85,12,18,5,GO,8,1,540
BRAEMAR,2024-03-21Z,SW,4,43,83,36,20,8,GO,12,2,720
BRAEMAR,2024-03-21Z,SW,6,43,84,38,20,10,GO,12,1,900
BRAEMAR,2024-03-21Z,WSW,5,43,79,27,20,9,VG,10,1,1080
BRAEMAR,2024-03-21Z,WSW,2,40,78,11,18,6,VG,8,0,1260
BRAEMAR,2024-03-22Z,WSW,1,38,77,13,18,5,GO,8,0,0
BRAEMAR,2024-03-22Z,WSW,0,36,80,16,16,4,GO,8,0,180
BRAEMAR,2024-03-22Z,WSW,-2,36,82,45,16,3,GO,12,0,360
BRAEMAR,2024-03-22Z,WSW,-1,40,78,35,18,4,GO,10,1,540
BRAEMAR,2024-03-22Z,W,0,47,64,33,22,5,GO,10,2,720
BRAEMAR,2024-03-22Z,W,0,47,66,32,22,5,GO,10,1,900
BRAEMAR,2024-03-22Z,WSW,-2,38,79,10,18,3,GO,7,1,1080
BRAEMAR,2024-03-22Z,WSW,-3,36,82,13,16,3,GO,8,0,1260
BALTASOUND,2024-03-18Z,S,3,29,98,20,18,8,VP,6,1,720
BALTASOUND,2024-03-18Z,S,3,27,97,11,20,8,MO,7,1,900
BALTASOUND,2024-03-18Z,SSE,3,27,96,9,18,7,MO,7,1,1080
BALTASOUND,2024-03-18Z,SSE,2,36,94,9,22,7,GO,7,0,1260
BALTASOUND,2024-03-19Z,SSE,2,43,93,5,27,7,GO,7,0,0
BALTASOUND,2024-03-19Z,SSE,2,47,93,66,29,8,MO,12,0,180
BALTASOUND,2024-03-19Z,SSE,2,47,93,95,29,8,MO,15,0,360
BALTASOUND,2024-03-19Z,S,4,38,93,53,25,8,GO,12,1,540
BALTASOUND,2024-03-19Z,SW,4,38,89,49,25,8,VG,12,1,720
BALTASOUND,2024-03-19Z,W,2,43,75,19,27,7,VG,7,1,900
BALTASOUND,2024-03-19Z,W,1,36,71,14,20,6,EX,7,1,1080
BALTASOUND,2024-03-19Z,W,0,29,68,8,18,5,EX,7,0,1260
BALTASOUND,2024-03-20Z,W,1,25,72,9,13,5,EX,8,0,0
BALTASOUND,2024-03-20Z,W,1,18,77,9,9,5,EX,8,0,180
BALTASOUND,2024-03-20Z,SW,1,13,85,13,9,4,VG,8,0,360
BALTASOUND,2024-03-20Z,SW,2,16,80,13,11,5,VG,7,1,540
BALTASOUND,2024-03-20Z,SW,4,18,74,6,11,7,VG,3,2,720
BALTASOUND,2024-03-20Z,WSW,4,18,69,5,11,7,VG,3,1,900
BALTASOUND,2024-03-20Z,SW,2,16,79,7,11,5,VG,7,1,1080
BALTASOUND,2024-03-20Z,SSW,0,16,84,5,11,4,VG,7,0,1260
BALTASOUND,2024-03-21Z,SSW,0,22,81,6,16,5,VG,7,0,0
BALTASOUND,2024-03-21Z,S,0,31,83,11,20,5,GO,7,0,180
BALTASOUND,2024-03-21Z,S,0,40,85,57,27,6,MO,12,0,360
BALTASOUND,2024-03-21Z,S,-1,45,89,93,29,6,MO,15,1,540
BALTASOUND,2024-03-21Z,S,2,47,88,93,31,8,MO,15,1,720
BALTASOUND,2024-03-21Z,SW,5,43,87,69,27,10,GO,14,1,900
BALTASOUND,2024-03-21Z,SW,4,40,81,51,25,9,GO,12,1,1080
BALTASOUND,2024-03-21Z,SW,2,40,79,18,25,8,GO,8,0,1260
BALTASOUND,2024-03-22Z,SW,1,43,78,19,27,7,GO,7,0,0
BALTASOUND,2024-03-22Z,WSW,0,40,80,38,25,6,GO,9,0,180
BALTASOUND,2024-03-22Z,WSW,0,36,80,10,25,6,VG,7,0,360
BALTASOUND,2024-03-22Z,WSW,0,40,74,10,25,6,GO,3,1,540
BALTASOUND,2024-03-22Z,WSW,1,43,74,39,27,6,GO,10,2,720
BALTASOUND,2024-03-22Z,WSW,0,40,77,40,25,6,GO,10,1,900
BALTASOUND,2024-03-22Z,WSW,0,34,83,35,22,5,GO,10,1,1080
BALTASOUND,2024-03-22Z,W,0,29,85,32,18,5,GO,9,0,1260
LERWICK (S. SCREEN),2024-03-18Z,S,3,22,100,19,18,7,VP,6,1,720
LERWICK (S. SCREEN),2024-03-18Z,S,4,22,100,8,16,8,MO,8,1,900
LERWICK (S. SCREEN),2024-03-18Z,SSE,3,25,97,8,16,7,MO,7,1,1080
LERWICK (S. SCREEN),2024-03-18Z,SSE,2,34,93,1,22,7,GO,2,0,1260
LERWICK (S. SCREEN),2024-03-19Z,SSE,2,40,91,55,27,7,GO,7,0,0
LERWICK (S. SCREEN),2024-03-19Z,SSE,1,45,93,94,29,7,MO,15,0,180
LERWICK (S. SCREEN),2024-03-19Z,SSE,2,43,95,94,29,7,GO,15,0,360
LERWICK (S. SCREEN),2024-03-19Z,SSW,3,38,90,53,25,8,VG,7,1,540
LERWICK (S. SCREEN),2024-03-19Z,WSW,2,43,86,75,27,8,VG,15,1,720
LERWICK (S. SCREEN),2024-03-19Z,W,1,40,73,16,27,7,VG,7,1,900
LERWICK (S. SCREEN),2024-03-19Z,W,0,34,71,9,20,5,EX,7,1,1080
LERWICK (S. SCREEN),2024-03-19Z,W,0,22,73,9,13,5,EX,7,0,1260
LERWICK (S. SCREEN),2024-03-20Z,W,1,20,76,9,11,5,EX,7,0,0
LERWICK (S. SCREEN),2024-03-20Z,WSW,1,13,80,10,9,4,VG,8,0,180
LERWICK (S. SCREEN),2024-03-20Z,SW,1,13,89,14,9,4,VG,7,0,360
LERWICK (S. SCREEN),2024-03-20Z,SW,2,16,84,50,9,5,VG,7,1,540
LERWICK (S. SCREEN),2024-03-20Z,WSW,3,20,74,8,11,7,VG,1,2,720
LERWICK (S. SCREEN),2024-03-20Z,WSW,3,20,71,5,13,7,VG,1,1,900
LERWICK (S. SCREEN),2024-03-20Z,WSW,2,16,81,4,11,5,VG,3,1,1080
LERWICK (S. SCREEN),2024-03-20Z,SSW,1,18,84,5,13,5,VG,7,0,1260
LERWICK (S. SCREEN),2024-03-21Z,SSW,1,27,80,7,18,5,VG,7,0,0
LERWICK (S. SCREEN),2024-03-21Z,S,0,36,83,12,25,6,GO,7,0,180
LERWICK (S. SCREEN),2024-03-21Z,S,0,45,87,60,29,6,MO,12,0,360
LERWICK (S. SCREEN),2024-03-21Z,S,-1,54,91,95,34,6,MO,15,1,540
LERWICK (S. SCREEN),2024-03-21Z,SSW,1,54,90,93,34,8,MO,15,1,720
LERWICK (S. SCREEN),2024-03-21Z,SW,4,51,88,85,31,9,GO,15,1,900
LERWICK (S. SCREEN),2024-03-21Z,SW,3,51,81,53,31,8,GO,12,1,1080
LERWICK (S. SCREEN),2024-03-21Z,WSW,2,51,79,36,31,7,GO,9,0,1260
LERWICK (S. SCREEN),2024-03-22Z,WSW,1,51,79,41,31,7,VG,9,0,0
LERWICK (S. SCREEN),2024-03-22Z,WSW,0,51,79,42,31,7,VG,9,0,180
LERWICK (S. SCREEN),2024-03-22Z,WSW,0,47,79,10,29,6,VG,2,0,360
LERWICK (S. SCREEN),2024-03-22Z,WSW,0,51,75,36,31,6,GO,10,1,540
LERWICK (S. SCREEN),2024-03-22Z,WSW,0,51,73,40,31,6,GO,10,1,720
LERWICK (S. SCREEN),2024-03-22Z,WSW,0,49,77,41,29,6,GO,10,1,900
LERWICK (S. SCREEN),2024-03-22Z,WSW,0,45,82,37,27,6,GO,10,1,1080
LERWICK (S. SCREEN),2024-03-22Z,W,-1,38,86,43,22,6,GO,12,0,1260
BASILDON,2024-03-18Z,SW,12,18,72,33,13,14,GO,8,2,720
BASILDON,2024-03-18Z,SW,11,20,74,14,16,14,GO,7,1,900
BASILDON,2024-03-18Z,SSW,10,20,80,1,11,12,GO,2,0,1080
BASILDON,2024-03-18Z,SSW,9,18,88,4,9,11,GO,7,0,1260
BASILDON,2024-03-19Z,SW,9,20,88,4,9,11,GO,7,0,0
BASILDON,2024-03-19Z,SSW,8,20,87,5,9,10,GO,7,0,180
BASILDON,2024-03-19Z,SSW,8,22,84,6,11,10,GO,7,0,360
BASILDON,2024-03-19Z,SW,9,25,80,10,11,11,GO,8,1,540
BASILDON,2024-03-19Z,SW,11,22,77,7,13,13,GO,7,2,720
BASILDON,2024-03-19Z,SW,12,20,72,6,11,14,GO,7,1,900
BASILDON,2024-03-19Z,SSW,11,16,82,5,9,12,GO,7,1,1080
BASILDON,2024-03-19Z,SSW,10,13,90,5,7,11,GO,7,0,1260
BASILDON,2024-03-20Z,SSW,10,13,92,15,7,11,GO,7,0,0
BASILDON,2024-03-20Z,S,9,11,93,8,4,10,GO,7,0,180
BASILDON,2024-03-20Z,S,9,9,92,11,4,10,GO,7,0,360
BASILDON,2024-03-20Z,S,11,11,86,8,4,11,GO,7,1,540
BASILDON,2024-03-20Z,SSW,14,11,74,6,4,14,GO,7,2,720
BASILDON,2024-03-20Z,WSW,15,11,65,10,7,16,GO,7,1,900
BASILDON,2024-03-20Z,WNW,13,9,77,14,4,13,GO,7,1,1080
BASILDON,2024-03-20Z,NW,10,11,86,5,4,11,GO,2,0,1260
BASILDON,2024-03-21Z,NW,8,9,89,2,4,9,GO,2,0,0
BASILDON,2024-03-21Z,NNW,7,9,94,6,4,8,GO,7,0,180
BASILDON,2024-03-21Z,WNW,6,9,94,6,4,7,GO,7,0,360
BASILDON,2024-03-21Z,WSW,8,11,87,8,4,9,GO,8,1,540
BASILDON,2024-03-21Z,SW,10,18,75,8,9,12,VG,8,2,720
BASILDON,2024-03-21Z,SW,12,22,65,5,11,14,VG,7,1,900
BASILDON,2024-03-21Z,SW,11,20,68,5,11,13,VG,7,1,1080
BASILDON,2024-03-21Z,SW,9,20,79,4,11,11,VG,7,0,1260
BASILDON,2024-03-22Z,SW,8,22,82,5,11,10,VG,7,0,0
BASILDON,2024-03-22Z,WSW,7,22,83,7,11,10,VG,7,0,180
BASILDON,2024-03-22Z,WSW,8,22,86,12,11,10,GO,8,0,360
BASILDON,2024-03-22Z,W,9,22,82,16,11,11,GO,8,1,540
BASILDON,2024-03-22Z,W,9,25,68,15,11,12,GO,7,2,720
BASILDON,2024-03-22Z,WNW,9,25,59,14,13,11,VG,7,1,900
BASILDON,2024-03-22Z,W,8,20,59,10,11,10,VG,7,1,1080
BASILDON,2024-03-22Z,W,5,20,63,3,11,8,VG,2,0,1260
BARNSLEY,2024-03-18Z,SW,10,16,73,7,11,12,GO,8,3,720
BARNSLEY,2024-03-18Z,SW,12,18,53,5,11,15,VG,7,1,900
BARNSLEY,2024-03-18Z,S,11,16,62,5,11,13,VG,7,1,1080
BARNSLEY,2024-03-18Z,SSW,8,27,74,4,13,11,GO,7,0,1260
BARNSLEY,2024-03-19Z,SSW,8,27,80,45,16,11,GO,9,0,0
BARNSLEY,2024-03-19Z,SSW,7,27,86,56,16,10,GO,12,0,180
BARNSLEY,2024-03-19Z,SSW,7,27,85,3,16,10,GO,2,0,360
BARNSLEY,2024-03-19Z,SW,10,20,81,10,11,12,GO,7,1,540
BARNSLEY,2024-03-19Z,W,11,18,69,8,11,13,VG,7,2,720
BARNSLEY,2024-03-19Z,W,12,16,56,5,9,14,VG,7,1,900
BARNSLEY,2024-03-19Z,NW,11,9,66,4,4,12,VG,7,1,1080
BARNSLEY,2024-03-19Z,N,10,7,75,5,2,11,GO,7,0,1260
BARNSLEY,2024-03-20Z,NE,10,7,81,12,2,10,GO,7,0,0
BARNSLEY,2024-03-20Z,N,9,4,89,44,2,9,MO,7,0,180
BARNSLEY,2024-03-20Z,E,8,7,93,52,4,9,MO,12,0,360
BARNSLEY,2024-03-20Z,E,9,11,91,59,4,10,GO,12,1,540
BARNSLEY,2024-03-20Z,WNW,10,13,87,49,7,11,GO,12,2,720
BARNSLEY,2024-03-20Z,NW,9,18,83,49,9,11,GO,12,1,900
BARNSLEY,2024-03-20Z,N,7,16,86,16,9,9,GO,7,1,1080
BARNSLEY,2024-03-20Z,NNW,6,11,91,10,4,7,GO,7,0,1260
BARNSLEY,2024-03-21Z,NNW,4,9,92,6,4,6,GO,7,0,0
BARNSLEY,2024-03-21Z,W,4,9,92,5,4,6,GO,7,0,180
BARNSLEY,2024-03-21Z,SSW,4,11,91,5,7,6,GO,7,0,360
BARNSLEY,2024-03-21Z,SW,6,18,81,5,9,8,VG,7,1,540
BARNSLEY,2024-03-21Z,SW,7,25,71,5,11,10,VG,7,2,720
BARNSLEY,2024-03-21Z,SW,9,29,68,5,13,12,VG,7,1,900
BARNSLEY,2024-03-21Z,SW,9,29,71,4,16,12,VG,7,1,1080
BARNSLEY,2024-03-21Z,WSW,8,29,78,6,16,11,VG,7,0,1260
BARNSLEY,2024-03-22Z,WSW,8,25,83,9,13,11,GO,7,0,0
BARNSLEY,2024-03-22Z,W,6,25,79,11,11,9,VG,7,0,180
BARNSLEY,2024-03-22Z,W,5,22,75,9,11,8,VG,7,0,360
BARNSLEY,2024-03-22Z,W,5,29,69,10,16,9,VG,7,1,540
BARNSLEY,2024-03-22Z,W,6,36,56,6,18,10,VG,3,3,720
BARNSLEY,2024-03-22Z,W,6,38,53,3,18,9,VG,3,1,900
BARNSLEY,2024-03-22Z,W,4,29,61,4,16,7,VG,1,1,1080
BARNSLEY,2024-03-22Z,W,2,27,68,4,13,6,VG,2,0,1260
BASINGSTOKE,2024-03-18Z,SW,11,20,81,20,11,13,GO,8,2,720
BASINGSTOKE,2024-03-18Z,SSW,11,20,79,6,13,13,GO,7,1,900
BASINGSTOKE,2024-03-18Z,SSW,10,18,82,32,9,12,GO,3,1,1080
BASINGSTOKE,2024-03-18Z,SSW,9,22,88,29,11,11,GO,7,0,1260
BASINGSTOKE,2024-03-19Z,SSW,8,22,88,4,11,10,GO,7,0,0
BASINGSTOKE,2024-03-19Z,SSW,7,29,87,5,13,10,GO,7,0,180
BASINGSTOKE,2024-03-19Z,SSW,7,25,87,45,13,10,GO,12,0,360
BASINGSTOKE,2024-03-19Z,SSW,8,22,91,17,13,11,MO,7,1,540
BASINGSTOKE,2024-03-19Z,SW,11,22,82,7,11,13,GO,7,2,720
BASINGSTOKE,2024-03-19Z,SSW,11,20,76,6,11,13,GO,7,1,900
BASINGSTOKE,2024-03-19Z,SSW,10,18,87,6,9,12,GO,7,1,1080
BASINGSTOKE,2024-03-19Z,SSW,9,13,94,45,7,11,MO,12,0,1260
BASINGSTOKE,2024-03-20Z,SSW,9,16,94,46,7,11,MO,7,0,0
BASINGSTOKE,2024-03-20Z,S,9,13,94,12,7,10,MO,7,0,180
BASINGSTOKE,2024-03-20Z,S,9,13,92,10,4,10,MO,7,0,360
BASINGSTOKE,2024-03-20Z,SSW,11,9,87,8,4,12,GO,7,1,540
BASINGSTOKE,2024-03-20Z,SW,13,13,75,13,7,14,GO,7,2,720
BASINGSTOKE,2024-03-20Z,W,14,11,70,11,7,15,GO,7,1,900
BASINGSTOKE,2024-03-20Z,WNW,11,11,84,8,4,12,GO,7,1,1080
BASINGSTOKE,2024-03-20Z,NW,9,11,90,2,7,10,GO,0,0,1260
BASINGSTOKE,2024-03-21Z,NW,6,9,94,1,4,8,GO,0,0,0
BASINGSTOKE,2024-03-21Z,NNW,5,9,96,6,4,6,GO,7,0,180
BASINGSTOKE,2024-03-21Z,NNW,4,7,97,7,4,6,MO,7,0,360
BASINGSTOKE,2024-03-21Z,SW,8,13,88,5,4,9,GO,7,2,540
BASINGSTOKE,2024-03-21Z,SW,11,20,71,4,9,13,VG,7,3,720
BASINGSTOKE,2024-03-21Z,SW,11,25,67,5,11,14,VG,7,1,900
BASINGSTOKE,2024-03-21Z,SW,10,20,79,4,11,12,VG,7,1,1080
BASINGSTOKE,2024-03-21Z,SW,7,20,88,5,11,10,VG,7,0,1260
BASINGSTOKE,2024-03-22Z,SW,7,22,87,6,11,9,VG,7,0,0
BASINGSTOKE,2024-03-22Z,WSW,7,22,87,11,11,9,GO,8,0,180
BASINGSTOKE,2024-03-22Z,WSW,7,22,88,12,11,9,GO,8,0,360
BASINGSTOKE,2024-03-22Z,W,8,25,82,15,11,10,GO,8,1,540
BASINGSTOKE,2024-03-22Z,W,9,27,71,44,13,11,GO,12,2,720
BASINGSTOKE,2024-03-22Z,WNW,8,29,61,14,13,11,VG,7,1,900
BASINGSTOKE,2024-03-22Z,W,6,25,65,7,11,9,VG,1,1,1080
BASINGSTOKE,2024-03-22Z,W,3,22,73,3,11,6,VG,0,0,1260
CHELTENHAM,2024-03-18Z,SW,12,22,74,9,9,14,GO,7,3,720
CHELTENHAM,2024-03-18Z,SSW,12,20,68,1,11,14,VG,3,1,900
CHELTENHAM,2024-03-18Z,SW,12,11,75,48,7,13,GO,7,1,1080
CHELTENHAM,2024-03-18Z,SSW,9,22,82,5,11,12,GO,7,0,1260
CHELTENHAM,2024-03-19Z,SSW,8,27,82,4,13,11,GO,7,0,0
CHELTENHAM,2024-03-19Z,SSW,8,29,86,54,16,11,GO,12,0,180
CHELTENHAM,2024-03-19Z,SSW,8,25,89,16,13,11,GO,7,0,360
CHELTENHAM,2024-03-19Z,SSW,10,22,86,13,13,12,GO,7,1,540
CHELTENHAM,2024-03-19Z,WSW,12,20,74,42,11,14,GO,7,3,720
CHELTENHAM,2024-03-19Z,SW,13,16,64,5,9,15,GO,7,1,900
CHELTENHAM,2024-03-19Z,SSW,12,13,73,5,7,13,GO,7,1,1080
CHELTENHAM,2024-03-19Z,S,10,11,79,44,7,11,GO,7,0,1260
CHELTENHAM,2024-03-20Z,SE,10,9,91,58,4,11,MO,12,0,0
CHELTENHAM,2024-03-20Z,S,9,16,91,42,7,11,MO,7,0,180
CHELTENHAM,2024-03-20Z,S,9,13,92,55,7,10,MO,7,0,360
CHELTENHAM,2024-03-20Z,SW,10,13,90,14,7,11,MO,7,1,540
CHELTENHAM,2024-03-20Z,SW,11,16,86,82,7,12,GO,12,2,720
CHELTENHAM,2024-03-20Z,W,12,13,80,13,7,13,GO,7,1,900
CHELTENHAM,2024-03-20Z,WNW,10,11,84,8,7,11,GO,7,1,1080
CHELTENHAM,2024-03-20Z,NNW,7,11,90,3,7,8,GO,2,0,1260
CHELTENHAM,2024-03-21Z,NNW,5,7,93,3,4,7,GO,2,0,0
CHELTENHAM,2024-03-21Z,NW,5,4,94,6,2,6,GO,7,0,180
CHELTENHAM,2024-03-21Z,SSW,4,9,94,7,4,6,MO,7,0,360
CHELTENHAM,2024-03-21Z,SW,7,18,87,5,9,9,GO,7,1,540
CHELTENHAM,2024-03-21Z,SW,9,25,75,6,13,12,VG,7,2,720
CHELTENHAM,2024-03-21Z,SW,10,29,69,5,16,13,VG,7,1,900
CHELTENHAM,2024-03-21Z,SW,8,27,74,5,13,11,VG,7,1,1080
CHELTENHAM,2024-03-21Z,SW,7,27,83,7,13,10,VG,7,0,1260
CHELTENHAM,2024-03-22Z,SW,7,27,89,11,13,10,GO,8,0,0
CHELTENHAM,2024-03-22Z,WSW,7,25,89,15,13,10,GO,8,0,180
CHELTENHAM,2024-03-22Z,WSW,7,22,87,16,11,9,GO,8,0,360
CHELTENHAM,2024-03-22Z,W,7,25,77,43,11,10,VG,12,1,540
CHELTENHAM,2024-03-22Z,WNW,8,29,62,12,16,10,VG,7,2,720
CHELTENHAM,2024-03-22Z,WNW,7,29,55,10,16,10,VG,1,1,900
CHELTENHAM,2024-03-22Z,W,5,25,63,7,13,8,VG,1,1,1080
CHELTENHAM,2024-03-22Z,W,3,22,71,2,11,6,VG,0,0,1260
BALLYKELLY,2024-03-18Z,S,9,29,72,6,16,12,GO,7,2,720
BALLYKELLY,2024-03-18Z,SSE,7,34,77,93,20,11,GO,15,1,900
BALLYKELLY,2024-03-18Z,S,7,43,84,87,22,11,MO,15,1,1080
BALLYKELLY,2024-03-18Z,S,9,29,87,62,13,11,VG,9,0,1260
BALLYKELLY,2024-03-19Z,SSW,8,36,84,84,18,11,VG,15,0,0
BALLYKELLY,2024-03-19Z,WSW,6,25,87,12,13,9,EX,7,0,180
BALLYKELLY,2024-03-19Z,WSW,6,22,87,12,11,9,GO,7,0,360
BALLYKELLY,2024-03-19Z,WSW,7,16,86,40,9,9,GO,10,1,540
BALLYKELLY,2024-03-19Z,WNW,9,13,68,9,9,10,VG,8,2,720
BALLYKELLY,2024-03-19Z,N,9,11,60,4,7,10,VG,7,1,900
BALLYKELLY,2024-03-19Z,NNE,7,11,71,5,7,8,VG,7,1,1080
BALLYKELLY,2024-03-19Z,ENE,6,7,81,46,2,7,VG,12,0,1260
BALLYKELLY,2024-03-20Z,ENE,5,9,87,53,4,6,GO,12,0,0
BALLYKELLY,2024-03-20Z,NE,4,9,89,53,4,6,GO,12,0,180
BALLYKELLY,2024-03-20Z,N,4,9,91,52,4,5,GO,12,0,360
BALLYKELLY,2024-03-20Z,N,5,13,82,2,7,7,VG,3,1,540
BALLYKELLY,2024-03-20Z,NNW,7,16,64,3,7,9,VG,3,2,720
BALLYKELLY,2024-03-20Z,NNW,8,13,59,4,7,10,VG,3,1,900
BALLYKELLY,2024-03-20Z,NW,7,9,71,5,4,8,VG,7,1,1080
BALLYKELLY,2024-03-20Z,S,3,11,80,5,7,5,VG,7,0,1260
BALLYKELLY,2024-03-21Z,S,3,20,75,6,9,6,VG,7,0,0
BALLYKELLY,2024-03-21Z,SSW,4,29,73,13,16,7,VG,7,0,180
BALLYKELLY,2024-03-21Z,SSW,4,36,80,18,18,8,GO,7,0,360
BALLYKELLY,2024-03-21Z,SSW,6,38,83,20,20,10,GO,8,1,540
BALLYKELLY,2024-03-21Z,SW,9,40,82,16,20,13,GO,8,1,720
BALLYKELLY,2024-03-21Z,WSW,9,38,83,49,20,13,GO,12,1,900
BALLYKELLY,2024-03-21Z,WSW,7,34,82,49,20,11,GO,12,1,1080
BALLYKELLY,2024-03-21Z,WSW,5,34,76,17,20,9,VG,8,0,1260
BALLYKELLY,2024-03-22Z,WSW,4,34,75,9,20,8,VG,7,0,0
BALLYKELLY,2024-03-22Z,WSW,3,36,77,11,20,7,VG,8,0,180
BALLYKELLY,2024-03-22Z,W,2,34,76,7,20,7,VG,7,0,360
BALLYKELLY,2024-03-22Z,W,2,40,72,32,22,7,GO,10,1,540
BALLYKELLY,2024-03-22Z,W,3,45,66,38,27,7,GO,10,2,720
BALLYKELLY,2024-03-22Z,W,2,45,68,41,27,7,GO,10,1,900
BALLYKELLY,2024-03-22Z,W,1,43,76,38,25,6,GO,10,1,1080
BALLYKELLY,2024-03-22Z,W,0,40,77,13,25,6,GO,7,0,1260
BRACKNELL,2024-03-18Z,SSW,11,18,79,11,9,13,GO,8,2,720
BRACKNELL,2024-03-18Z,SW,12,20,75,11,9,14,GO,7,1,900
BRACKNELL,2024-03-18Z,SSW,11,18,78,4,9,13,GO,7,1,1080
BRACKNELL,2024-03-18Z,SSW,9,22,87,10,11,11,GO,8,0,1260
BRACKNELL,2024-03-19Z,SSW,9,20,86,5,11,11,GO,7,0,0
BRACKNELL,2024-03-19Z,SSW,8,22,86,5,11,10,GO,7,0,180
BRACKNELL,2024-03-19Z,SSW,8,25,85,10,11,10,GO,8,0,360
BRACKNELL,2024-03-19Z,SSW,8,22,88,12,11,11,GO,8,1,540
BRACKNELL,2024-03-19Z,SW,11,20,80,10,11,13,GO,8,2,720
BRACKNELL,2024-03-19Z,SW,12,20,74,6,11,14,GO,7,1,900
BRACKNELL,2024-03-19Z,SSW,11,16,83,5,9,12,GO,7,1,1080
BRACKNELL,2024-03-19Z,SSW,10,13,92,16,7,11,GO,7,0,1260
BRACKNELL,2024-03-20Z,SSW,9,13,93,16,7,11,GO,7,0,0
BRACKNELL,2024-03-20Z,S,9,11,93,19,4,10,MO,7,0,180
BRACKNELL,2024-03-20Z,S,9,11,94,20,4,10,MO,7,0,360
BRACKNELL,2024-03-20Z,S,11,9,89,10,4,11,GO,7,1,540
BRACKNELL,2024-03-20Z,SW,13,11,74,9,7,14,GO,7,2,720
BRACKNELL,2024-03-20Z,W,14,11,69,11,4,15,GO,7,1,900
BRACKNELL,2024-03-20Z,WNW,12,11,79,10,7,13,GO,7,1,1080
BRACKNELL,2024-03-20Z,WNW,9,11,86,3,7,10,VG,0,0,1260
BRACKNELL,2024-03-21Z,NW,7,11,92,1,4,8,GO,0,0,0
BRACKNELL,2024-03-21Z,NNW,6,9,94,5,4,7,GO,7,0,180
BRACKNELL,2024-03-21Z,NW,5,7,95,6,4,6,GO,7,0,360
BRACKNELL,2024-03-21Z,SW,8,11,87,8,4,9,GO,8,1,540
BRACKNELL,2024-03-21Z,WSW,11,20,71,4,9,12,VG,7,3,720
BRACKNELL,2024-03-21Z,WSW,12,25,64,5,11,14,VG,7,1,900
BRACKNELL,2024-03-21Z,WSW,10,20,71,5,11,12,VG,7,1,1080
BRACKNELL,2024-03-21Z,SW,8,20,82,4,9,10,VG,7,0,1260
BRACKNELL,2024-03-22Z,SW,7,22,83,6,11,10,VG,7,0,0
BRACKNELL,2024-03-22Z,WSW,7,20,86,10,11,10,VG,8,0,180
BRACKNELL,2024-03-22Z,WSW,7,20,88,17,9,10,GO,8,0,360
BRACKNELL,2024-03-22Z,W,8,22,78,14,11,10,GO,7,1,540
BRACKNELL,2024-03-22Z,WNW,9,27,66,16,11,11,GO,7,2,720
BRACKNELL,2024-03-22Z,WNW,8,27,58,13,13,11,VG,7,1,900
BRACKNELL,2024-03-22Z,W,7,22,59,8,11,9,VG,1,1,1080
BRACKNELL,2024-03-22Z,W,4,22,67,3,11,7,VG,0,0,1260
BATH,2024-03-18Z,SW,12,16,78,11,7,13,GO,7,3,720
BATH,2024-03-18Z,SW,12,18,72,5,13,14,VG,7,1,900
BATH,2024-03-18Z,SSW,11,22,75,4,13,13,GO,3,1,1080
BATH,2024-03-18Z,SSW,8,25,90,4,13,11,GO,7,0,1260
BATH,2024-03-19Z,SSW,8,20,89,7,9,10,GO,2,0,0
BATH,2024-03-19Z,SSW,8,29,88,52,16,11,GO,7,0,180
BATH,2024-03-19Z,SSW,8,25,93,43,13,11,GO,7,0,360
BATH,2024-03-19Z,SSW,10,20,89,5,11,12,GO,7,1,540
BATH,2024-03-19Z,SW,12,20,77,50,11,14,GO,7,3,720
BATH,2024-03-19Z,WSW,13,13,74,10,9,14,GO,8,1,900
BATH,2024-03-19Z,SW,12,9,82,8,4,12,GO,7,1,1080
BATH,2024-03-19Z,S,10,9,93,52,4,11,MO,12,0,1260
BATH,2024-03-20Z,S,9,16,95,55,7,11,MO,8,0,0
BATH,2024-03-20Z,SSE,9,13,94,14,7,11,MO,7,0,180
BATH,2024-03-20Z,S,9,11,94,21,4,10,MO,7,0,360
BATH,2024-03-20Z,SSW,10,11,92,13,7,11,MO,7,1,540
BATH,2024-03-20Z,SW,12,13,83,53,7,13,GO,7,2,720
BATH,2024-03-20Z,W,13,13,79,12,7,14,GO,7,1,900
BATH,2024-03-20Z,WNW,11,11,83,5,7,12,GO,3,1,1080
BATH,2024-03-20Z,NNW,8,13,89,3,7,10,GO,2,0,1260
BATH,2024-03-21Z,NNW,6,11,92,1,4,7,GO,2,0,0
BATH,2024-03-21Z,NNW,5,7,94,5,4,6,GO,7,0,180
BATH,2024-03-21Z,SW,5,7,94,9,4,6,GO,8,0,360
BATH,2024-03-21Z,SW,7,13,87,5,7,9,GO,7,1,540
BATH,2024-03-21Z,WSW,10,22,72,5,11,12,VG,7,3,720
BATH,2024-03-21Z,WSW,10,25,70,6,13,12,VG,7,1,900
BATH,2024-03-21Z,WSW,8,22,76,6,11,11,VG,7,1,1080
BATH,2024-03-21Z,WSW,7,25,82,12,11,10,VG,8,0,1260
BATH,2024-03-22Z,WSW,7,25,89,16,13,10,GO,8,0,0
BATH,2024-03-22Z,WSW,8,25,91,46,11,10,GO,12,0,180
BATH,2024-03-22Z,W,7,20,90,47,11,10,GO,12,0,360
BATH,2024-03-22Z,W,7,22,81,41,11,10,GO,12,1,540
BATH,2024-03-22Z,WNW,8,27,64,15,13,10,VG,8,2,720
BATH,2024-03-22Z,WNW,8,29,58,17,16,10,GO,8,1,900
BATH,2024-03-22Z,W,6,25,62,7,13,9,VG,3,1,1080
BATH,2024-03-22Z,W,4,22,70,2,11,7,VG,2,0,1260
CHESTER,2024-03-18Z,WSW,11,18,54,4,13,13,VG,3,3,720
CHESTER,2024-03-18Z,SSW,11,22,58,47,9,13,GO,12,1,900
CHESTER,2024-03-18Z,SSE,11,20,66,5,9,13,VG,7,1,1080
CHESTER,2024-03-18Z,S,9,22,79,5,11,11,GO,7,0,1260
CHESTER,2024-03-19Z,S,8,31,79,49,16,11,GO,7,0,0
CHESTER,2024-03-19Z,S,8,27,88,14,11,10,VG,7,0,180
CHESTER,2024-03-19Z,SSW,9,22,87,39,11,11,GO,9,0,360
CHESTER,2024-03-19Z,WSW,10,16,79,5,9,12,VG,3,1,540
CHESTER,2024-03-19Z,W,12,13,64,5,7,13,VG,7,3,720
CHESTER,2024-03-19Z,NW,12,13,64,6,7,13,VG,7,1,900
CHESTER,2024-03-19Z,NNW,11,7,74,5,2,11,VG,7,1,1080
CHESTER,2024-03-19Z,NNE,10,4,82,5,2,10,GO,7,0,1260
CHESTER,2024-03-20Z,WNW,9,7,87,15,2,10,MO,7,0,0
CHESTER,2024-03-20Z,E,8,9,91,84,4,9,MO,15,0,180
CHESTER,2024-03-20Z,E,8,11,95,86,4,9,MO,15,0,360
CHESTER,2024-03-20Z,WNW,9,11,93,61,7,10,MO,7,1,540
CHESTER,2024-03-20Z,WNW,9,16,89,86,9,10,GO,15,2,720
CHESTER,2024-03-20Z,NW,8,20,84,12,11,10,GO,7,1,900
CHESTER,2024-03-20Z,NW,6,16,85,5,9,9,VG,1,1,1080
CHESTER,2024-03-20Z,WNW,5,9,91,3,4,6,VG,0,0,1260
CHESTER,2024-03-21Z,WSW,3,7,93,5,4,5,GO,7,0,0
CHESTER,2024-03-21Z,SW,3,7,94,5,4,5,GO,7,0,180
CHESTER,2024-03-21Z,S,3,9,92,5,4,5,GO,7,0,360
CHESTER,2024-03-21Z,S,6,16,82,8,7,8,VG,7,1,540
CHESTER,2024-03-21Z,SSW,8,22,73,13,11,11,GO,7,2,720
CHESTER,2024-03-21Z,SW,9,29,68,7,16,12,VG,7,1,900
CHESTER,2024-03-21Z,SW,9,29,75,6,16,11,VG,7,1,1080
CHESTER,2024-03-21Z,WSW,8,27,82,9,16,11,GO,7,0,1260
CHESTER,2024-03-22Z,W,8,25,86,33,13,11,GO,9,0,0
CHESTER,2024-03-22Z,W,6,25,81,42,13,9,GO,12,0,180
CHESTER,2024-03-22Z,W,5,22,79,14,11,8,VG,8,0,360
CHESTER,2024-03-22Z,W,5,29,69,8,16,9,VG,7,1,540
CHESTER,2024-03-22Z,W,6,36,57,12,18,10,VG,7,3,720
CHESTER,2024-03-22Z,W,6,36,56,6,18,9,VG,3,1,900
CHESTER,2024-03-22Z,W,4,29,64,9,16,8,VG,3,1,1080
CHESTER,2024-03-22Z,W,2,27,71,4,13,6,VG,2,0,1260
BOGNOR REGIS,2024-03-18Z,SSW,9,20,89,13,13,12,GO,8,2,720
BOGNOR REGIS,2024-03-18Z,SW,9,22,89,10,13,12,GO,8,1,900
BOGNOR REGIS,2024-03-18Z,SW,9,22,90,5,13,11,GO,7,1,1080
BOGNOR REGIS,2024-03-18Z,SW,9,25,90,13,11,11,GO,8,0,1260
BOGNOR REGIS,2024-03-19Z,SSW,9,22,89,9,11,11,GO,7,0,0
BOGNOR REGIS,2024-03-19Z,SW,8,27,85,5,13,11,GO,7,0,180
BOGNOR REGIS,2024-03-19Z,SSW,8,25,86,7,13,10,GO,7,0,360
BOGNOR REGIS,2024-03-19Z,SSW,8,27,86,14,16,11,MO,8,1,540
BOGNOR REGIS,2024-03-19Z,SW,9,25,85,11,16,11,GO,8,2,720
BOGNOR REGIS,2024-03-19Z,SW,9,20,86,9,11,12,GO,7,1,900
BOGNOR REGIS,2024-03-19Z,SSW,9,16,89,10,9,11,GO,8,1,1080
BOGNOR REGIS,2024-03-19Z,SSW,10,11,91,9,4,11,GO,7,0,1260
BOGNOR REGIS,2024-03-20Z,SSE,9,11,92,11,7,10,GO,8,0,0
BOGNOR REGIS,2024-03-20Z,SSE,9,11,92,7,4,10,GO,7,0,180
BOGNOR REGIS,2024-03-20Z,SE,9,7,93,7,4,10,MO,7,0,360
BOGNOR REGIS,2024-03-20Z,SE,10,9,88,5,4,11,GO,7,1,540
BOGNOR REGIS,2024-03-20Z,S,12,9,78,5,4,13,GO,7,3,720
BOGNOR REGIS,2024-03-20Z,SSW,13,11,74,6,7,14,GO,7,1,900
BOGNOR REGIS,2024-03-20Z,WSW,11,9,85,6,4,12,GO,7,1,1080
BOGNOR REGIS,2024-03-20Z,WNW,9,11,90,2,7,10,GO,2,0,1260
BOGNOR REGIS,2024-03-21Z,NW,7,11,93,1,7,9,GO,0,0,0
BOGNOR REGIS,2024-03-21Z,NNW,6,9,95,1,7,8,GO,0,0,180
BOGNOR REGIS,2024-03-21Z,NNW,5,9,96,6,4,7,GO,7,0,360
BOGNOR REGIS,2024-03-21Z,NW,8,11,88,8,4,10,GO,8,1,540
BOGNOR REGIS,2024-03-21Z,SW,10,18,77,8,9,12,GO,8,3,720
BOGNOR REGIS,2024-03-21Z,SW,10,22,74,4,13,12,VG,7,1,900
BOGNOR REGIS,2024-03-21Z,SW,8,22,83,5,13,10,VG,7,1,1080
BOGNOR REGIS,2024-03-21Z,WSW,7,22,90,5,13,9,GO,7,0,1260
BOGNOR REGIS,2024-03-22Z,WSW,6,25,90,6,16,9,GO,7,0,0
BOGNOR REGIS,2024-03-22Z,WSW,6,25,92,12,16,10,GO,8,0,180
BOGNOR REGIS,2024-03-22Z,WSW,7,25,91,17,16,10,GO,8,0,360
BOGNOR REGIS,2024-03-22Z,W,8,22,86,17,13,11,GO,8,1,540
BOGNOR REGIS,2024-03-22Z,W,9,25,71,16,13,12,GO,7,2,720
BOGNOR REGIS,2024-03-22Z,WNW,9,27,62,16,16,11,VG,7,1,900
BOGNOR REGIS,2024-03-22Z,WNW,7,22,65,8,13,10,VG,1,1,1080
BOGNOR REGIS,2024-03-22Z,WNW,4,25,72,4,16,8,VG,0,0,1260
BRIGHTON,2024-03-18Z,SW,9,22,91,52,13,12,GO,8,3,720
BRIGHTON,2024-03-18Z,SW,10,22,90,20,9,12,GO,8,1,900
BRIGHTON,2024-03-18Z,SW,9,20,94,10,11,11,GO,7,1,1080
BRIGHTON,2024-03-18Z,SW,8,22,91,9,11,11,GO,8,0,1260
BRIGHTON,2024-03-19Z,SSW,8,22,91,5,11,11,GO,7,0,0
BRIGHTON,2024-03-19Z,SW,8,22,89,4,13,10,GO,7,0,180
BRIGHTON,2024-03-19Z,SW,8,25,85,6,13,10,GO,7,0,360
BRIGHTON,2024-03-19Z,SSW,8,25,85,13,13,11,GO,8,1,540
BRIGHTON,2024-03-19Z,SW,8,25,87,14,13,11,GO,7,2,720
BRIGHTON,2024-03-19Z,SW,9,20,87,10,11,11,GO,8,1,900
BRIGHTON,2024-03-19Z,SW,9,16,90,10,9,11,GO,7,1,1080
BRIGHTON,2024-03-19Z,S,10,9,92,6,4,11,GO,7,0,1260
BRIGHTON,2024-03-20Z,SSE,9,11,92,7,4,10,GO,7,0,0
BRIGHTON,2024-03-20Z,SE,9,11,90,6,7,10,GO,7,0,180
BRIGHTON,2024-03-20Z,SE,9,9,91,5,4,10,GO,7,0,360
BRIGHTON,2024-03-20Z,SSE,11,9,85,5,4,12,GO,7,1,540
BRIGHTON,2024-03-20Z,S,12,9,78,5,4,13,GO,7,3,720
BRIGHTON,2024-03-20Z,SW,13,11,72,6,4,14,GO,7,1,900
BRIGHTON,2024-03-20Z,WSW,11,9,82,6,4,12,GO,7,1,1080
BRIGHTON,2024-03-20Z,WNW,9,11,89,2,7,10,GO,2,0,1260
BRIGHTON,2024-03-21Z,NW,8,11,92,1,7,9,GO,0,0,0
BRIGHTON,2024-03-21Z,NNW,6,11,95,2,7,8,GO,0,0,180
BRIGHTON,2024-03-21Z,NNW,5,9,96,3,4,6,GO,2,0,360
BRIGHTON,2024-03-21Z,NW,9,11,88,8,4,10,GO,8,1,540
BRIGHTON,2024-03-21Z,SW,10,18,78,7,9,12,GO,8,3,720
BRIGHTON,2024-03-21Z,SW,10,22,74,5,13,12,VG,7,1,900
BRIGHTON,2024-03-21Z,SW,8,22,83,5,13,10,VG,7,1,1080
BRIGHTON,2024-03-21Z,WSW,7,25,90,5,13,10,GO,7,0,1260
BRIGHTON,2024-03-22Z,WSW,6,25,91,6,16,9,GO,7,0,0
BRIGHTON,2024-03-22Z,WSW,6,25,92,12,16,10,GO,8,0,180
BRIGHTON,2024-03-22Z,WSW,7,25,91,13,16,10,GO,8,0,360
BRIGHTON,2024-03-22Z,WSW,8,25,87,16,16,11,GO,8,1,540
BRIGHTON,2024-03-22Z,W,9,25,74,45,13,12,GO,12,2,720
BRIGHTON,2024-03-22Z,WNW,9,27,63,15,16,12,VG,7,1,900
BRIGHTON,2024-03-22Z,WNW,7,22,64,8,13,10,VG,3,1,1080
BRIGHTON,2024-03-22Z,WNW,5,25,71,4,16,8,VG,0,0,1260
LEICESTER,2024-03-18Z,SSW,11,16,77,15,9,12,GO,8,3,720
LEICESTER,2024-03-18Z,SW,12,25,60,5,11,15,VG,7,1,900
LEICESTER,2024-03-18Z,SW,12,18,64,1,7,13,GO,3,1,1080
LEICESTER,2024-03-18Z,S,10,20,81,10,9,12,GO,7,0,1260
LEICESTER,2024-03-19Z,SSW,9,25,85,4,11,11,GO,7,0,0
LEICESTER,2024-03-19Z,SSW,8,27,85,55,13,10,GO,7,0,180
LEICESTER,2024-03-19Z,SSW,8,25,89,12,11,11,GO,7,0,360
LEICESTER,2024-03-19Z,SW,10,25,84,5,13,12,GO,7,1,540
LEICESTER,2024-03-19Z,WSW,12,20,72,36,11,14,GO,10,3,720
LEICESTER,2024-03-19Z,WSW,14,13,63,47,7,15,GO,7,1,900
LEICESTER,2024-03-19Z,W,13,7,70,5,2,13,GO,7,1,1080
LEICESTER,2024-03-19Z,S,11,9,80,6,4,12,GO,7,0,1260
LEICESTER,2024-03-20Z,SSW,10,11,85,47,4,11,GO,12,0,0
LEICESTER,2024-03-20Z,SSW,10,11,90,58,4,11,MO,12,0,180
LEICESTER,2024-03-20Z,SSW,9,16,93,59,7,10,MO,12,0,360
LEICESTER,2024-03-20Z,SW,9,16,92,59,7,11,MO,12,1,540
LEICESTER,2024-03-20Z,SW,11,16,86,16,9,12,GO,7,2,720
LEICESTER,2024-03-20Z,W,12,16,77,55,9,13,GO,7,1,900
LEICESTER,2024-03-20Z,NW,10,13,84,34,7,11,GO,10,1,1080
LEICESTER,2024-03-20Z,NNW,7,11,89,6,7,9,VG,2,0,1260
LEICESTER,2024-03-21Z,NNW,6,9,92,5,4,7,GO,7,0,0
LEICESTER,2024-03-21Z,W,5,7,93,6,4,6,GO,7,0,180
LEICESTER,2024-03-21Z,SSW,5,11,94,11,4,6,MO,8,0,360
LEICESTER,2024-03-21Z,SW,6,18,86,6,9,8,VG,7,1,540
LEICESTER,2024-03-21Z,SW,8,27,73,6,13,11,VG,7,2,720
LEICESTER,2024-03-21Z,SW,10,29,66,6,16,13,VG,7,1,900
LEICESTER,2024-03-21Z,SW,9,29,69,4,13,12,VG,7,1,1080
LEICESTER,2024-03-21Z,SW,8,27,77,5,13,11,VG,7,0,1260
LEICESTER,2024-03-22Z,SW,8,27,84,11,13,10,VG,8,0,0
LEICESTER,2024-03-22Z,WSW,8,25,86,17,13,10,GO,8,0,180
LEICESTER,2024-03-22Z,W,7,20,84,44,11,9,GO,12,0,360
LEICESTER,2024-03-22Z,W,6,25,74,13,13,9,VG,7,1,540
LEICESTER,2024-03-22Z,W,7,31,59,12,16,10,GO,7,2,720
LEICESTER,2024-03-22Z,W,7,31,53,12,16,10,VG,7,1,900
LEICESTER,2024-03-22Z,W,5,25,59,6,13,8,VG,3,1,1080
LEICESTER,2024-03-22Z,W,3,25,68,3,13,6,VG,0,0,1260
COVENTRY,2024-03-18Z,SW,11,22,76,16,7,13,GO,8,3,720
COVENTRY,2024-03-18Z,SW,12,25,62,1,9,14,VG,3,1,900
COVENTRY,2024-03-18Z,SSW,12,18,69,4,4,13,GO,3,1,1080
COVENTRY,2024-03-18Z,S,9,20,86,11,9,11,GO,7,0,1260
COVENTRY,2024-03-19Z,SSW,8,27,86,4,13,10,GO,7,0,0
COVENTRY,2024-03-19Z,SSW,7,27,88,50,13,10,GO,7,0,180
COVENTRY,2024-03-19Z,SSW,8,25,90,17,11,10,GO,8,0,360
COVENTRY,2024-03-19Z,SSW,9,25,87,5,11,12,GO,7,1,540
COVENTRY,2024-03-19Z,SW,12,22,76,7,11,14,GO,7,2,720
COVENTRY,2024-03-19Z,WSW,13,16,66,13,9,14,VG,7,1,900
COVENTRY,2024-03-19Z,SW,12,11,74,4,4,13,GO,7,1,1080
COVENTRY,2024-03-19Z,SSW,10,11,83,5,4,11,GO,7,0,1260
COVENTRY,2024-03-20Z,S,10,11,89,52,4,10,GO,12,0,0
COVENTRY,2024-03-20Z,S,9,11,95,58,7,10,MO,12,0,180
COVENTRY,2024-03-20Z,SSW,9,16,94,59,7,10,GO,12,0,360
COVENTRY,2024-03-20Z,SW,9,16,93,79,7,11,MO,15,1,540
COVENTRY,2024-03-20Z,WSW,11,16,85,15,9,12,GO,7,2,720
COVENTRY,2024-03-20Z,WSW,12,16,79,16,9,13,GO,7,1,900
COVENTRY,2024-03-20Z,NW,9,16,84,44,9,11,GO,10,1,1080
COVENTRY,2024-03-20Z,NNW,7,13,90,27,7,8,GO,9,0,1260
COVENTRY,2024-03-21Z,NNW,6,9,92,5,4,7,GO,7,0,0
COVENTRY,2024-03-21Z,WNW,5,7,94,8,4,6,GO,8,0,180
COVENTRY,2024-03-21Z,SW,4,9,95,8,4,6,GO,8,0,360
COVENTRY,2024-03-21Z,SW,6,18,87,5,9,8,GO,7,1,540
COVENTRY,2024-03-21Z,SW,8,25,75,6,11,11,VG,7,2,720
COVENTRY,2024-03-21Z,SW,10,29,66,6,16,13,VG,7,1,900
COVENTRY,2024-03-21Z,SW,9,27,71,4,13,11,VG,7,1,1080
COVENTRY,2024-03-21Z,SW,7,27,79,6,13,10,VG,7,0,1260
COVENTRY,2024-03-22Z,SW,7,27,86,10,13,10,VG,8,0,0
COVENTRY,2024-03-22Z,WSW,8,22,87,16,11,10,GO,8,0,180
COVENTRY,2024-03-22Z,W,7,20,81,11,11,9,GO,7,0,360
COVENTRY,2024-03-22Z,W,6,25,73,14,13,9,VG,7,1,540
COVENTRY,2024-03-22Z,W,7,29,59,13,16,10,GO,7,2,720
COVENTRY,2024-03-22Z,W,7,31,52,9,16,10,VG,3,1,900
COVENTRY,2024-03-22Z,W,5,25,59,7,13,8,VG,3,1,1080
COVENTRY,2024-03-22Z,W,3,22,68,3,11,6,VG,0,0,1260
